25.0,'GS_cluster_14485274_151021003_2335517648_254337785_#1more': -0.03125, 'cluster_254337786_31404743': 0.0, 'cluster_537912_578689': -0.04464286,'GS_cluster_14485274_151021003_2335517648_254337785_#1more': 1, 'cluster_254337786_31404743': 0, 'cluster_537912_578689': 1,'GS_cluster_14485274_151021003_2335517648_254337785_#1more': 1, 'cluster_254337786_31404743': 0, 'cluster_537912_578689': 1,
50.0,'GS_cluster_14485274_151021003_2335517648_254337785_#1more': -0.20982143, 'cluster_254337786_31404743': -0.09821428, 'cluster_537912_578689': -0.26785713,'GS_cluster_14485274_151021003_2335517648_254337785_#1more': 1, 'cluster_254337786_31404743': 1, 'cluster_537912_578689': 1,'GS_cluster_14485274_151021003_2335517648_254337785_#1more': 2, 'cluster_254337786_31404743': 1, 'cluster_537912_578689': 3,
75.0,'GS_cluster_14485274_151021003_2335517648_254337785_#1more': -0.04910714, 'cluster_254337786_31404743': -0.3482143, 'cluster_537912_578689': -0.8526786,'GS_cluster_14485274_151021003_2335517648_254337785_#1more': 1, 'cluster_254337786_31404743': 1, 'cluster_537912_578689': 3,'GS_cluster_14485274_151021003_2335517648_254337785_#1more': 2, 'cluster_254337786_31404743': 3, 'cluster_537912_578689': 8,
100.0,'GS_cluster_14485274_151021003_2335517648_254337785_#1more': -0.5, 'cluster_254337786_31404743': -0.94196427, 'cluster_537912_578689': -1.3794643,'GS_cluster_14485274_151021003_2335517648_254337785_#1more': 2, 'cluster_254337786_31404743': 3, 'cluster_537912_578689': 6,'GS_cluster_14485274_151021003_2335517648_254337785_#1more': 6, 'cluster_254337786_31404743': 7, 'cluster_537912_578689': 9,
125.0,'GS_cluster_14485274_151021003_2335517648_254337785_#1more': -1.1696428, 'cluster_254337786_31404743': -1.7723215, 'cluster_537912_578689': -2.3125,'GS_cluster_14485274_151021003_2335517648_254337785_#1more': 2, 'cluster_254337786_31404743': 3, 'cluster_537912_578689': 7,'GS_cluster_14485274_151021003_2335517648_254337785_#1more': 10, 'cluster_254337786_31404743': 9, 'cluster_537912_578689': 12,
150.0,'GS_cluster_14485274_151021003_2335517648_254337785_#1more': -0.5, 'cluster_254337786_31404743': -3.0089285, 'cluster_537912_578689': -3.700893,'GS_cluster_14485274_151021003_2335517648_254337785_#1more': 1, 'cluster_254337786_31404743': 4, 'cluster_537912_578689': 9,'GS_cluster_14485274_151021003_2335517648_254337785_#1more': 4, 'cluster_254337786_31404743': 14, 'cluster_537912_578689': 16,
175.0,'GS_cluster_14485274_151021003_2335517648_254337785_#1more': -0.22321428, 'cluster_254337786_31404743': -4.0, 'cluster_537912_578689': -4.0,'GS_cluster_14485274_151021003_2335517648_254337785_#1more': 1, 'cluster_254337786_31404743': 5, 'cluster_537912_578689': 9,'GS_cluster_14485274_151021003_2335517648_254337785_#1more': 2, 'cluster_254337786_31404743': 20, 'cluster_537912_578689': 22,
200.0,'GS_cluster_14485274_151021003_2335517648_254337785_#1more': -0.54910713, 'cluster_254337786_31404743': -4.0, 'cluster_537912_578689': -4.0,'GS_cluster_14485274_151021003_2335517648_254337785_#1more': 1, 'cluster_254337786_31404743': 7, 'cluster_537912_578689': 9,'GS_cluster_14485274_151021003_2335517648_254337785_#1more': 3, 'cluster_254337786_31404743': 20, 'cluster_537912_578689': 19,
225.0,'GS_cluster_14485274_151021003_2335517648_254337785_#1more': -1.46875, 'cluster_254337786_31404743': -4.0, 'cluster_537912_578689': -4.0,'GS_cluster_14485274_151021003_2335517648_254337785_#1more': 2, 'cluster_254337786_31404743': 8, 'cluster_537912_578689': 9,'GS_cluster_14485274_151021003_2335517648_254337785_#1more': 12, 'cluster_254337786_31404743': 12, 'cluster_537912_578689': 16,
250.0,'GS_cluster_14485274_151021003_2335517648_254337785_#1more': -3.2767856, 'cluster_254337786_31404743': -0.5223214, 'cluster_537912_578689': -4.0,'GS_cluster_14485274_151021003_2335517648_254337785_#1more': 4, 'cluster_254337786_31404743': 3, 'cluster_537912_578689': 9,'GS_cluster_14485274_151021003_2335517648_254337785_#1more': 21, 'cluster_254337786_31404743': 6, 'cluster_537912_578689': 17,
275.0,'GS_cluster_14485274_151021003_2335517648_254337785_#1more': -4.0, 'cluster_254337786_31404743': -1.3080357, 'cluster_537912_578689': -4.0,'GS_cluster_14485274_151021003_2335517648_254337785_#1more': 4, 'cluster_254337786_31404743': 5, 'cluster_537912_578689': 5,'GS_cluster_14485274_151021003_2335517648_254337785_#1more': 27, 'cluster_254337786_31404743': 9, 'cluster_537912_578689': 11,
300.0,'GS_cluster_14485274_151021003_2335517648_254337785_#1more': -2.1473215, 'cluster_254337786_31404743': -2.486607, 'cluster_537912_578689': -4.0,'GS_cluster_14485274_151021003_2335517648_254337785_#1more': 4, 'cluster_254337786_31404743': 5, 'cluster_537912_578689': 7,'GS_cluster_14485274_151021003_2335517648_254337785_#1more': 11, 'cluster_254337786_31404743': 11, 'cluster_537912_578689': 13,
325.0,'GS_cluster_14485274_151021003_2335517648_254337785_#1more': -3.6160715, 'cluster_254337786_31404743': -1.9107143, 'cluster_537912_578689': -4.0,'GS_cluster_14485274_151021003_2335517648_254337785_#1more': 4, 'cluster_254337786_31404743': 4, 'cluster_537912_578689': 8,'GS_cluster_14485274_151021003_2335517648_254337785_#1more': 15, 'cluster_254337786_31404743': 13, 'cluster_537912_578689': 19,
350.0,'GS_cluster_14485274_151021003_2335517648_254337785_#1more': -3.84375, 'cluster_254337786_31404743': -2.4598215, 'cluster_537912_578689': -4.0,'GS_cluster_14485274_151021003_2335517648_254337785_#1more': 5, 'cluster_254337786_31404743': 4, 'cluster_537912_578689': 9,'GS_cluster_14485274_151021003_2335517648_254337785_#1more': 17, 'cluster_254337786_31404743': 10, 'cluster_537912_578689': 15,
375.0,'GS_cluster_14485274_151021003_2335517648_254337785_#1more': -4.0, 'cluster_254337786_31404743': -0.72321427, 'cluster_537912_578689': -4.0,'GS_cluster_14485274_151021003_2335517648_254337785_#1more': 5, 'cluster_254337786_31404743': 2, 'cluster_537912_578689': 9,'GS_cluster_14485274_151021003_2335517648_254337785_#1more': 15, 'cluster_254337786_31404743': 4, 'cluster_537912_578689': 25,
400.0,'GS_cluster_14485274_151021003_2335517648_254337785_#1more': -4.0, 'cluster_254337786_31404743': -1.3080357, 'cluster_537912_578689': -4.0,'GS_cluster_14485274_151021003_2335517648_254337785_#1more': 5, 'cluster_254337786_31404743': 2, 'cluster_537912_578689': 9,'GS_cluster_14485274_151021003_2335517648_254337785_#1more': 15, 'cluster_254337786_31404743': 6, 'cluster_537912_578689': 34,
425.0,'GS_cluster_14485274_151021003_2335517648_254337785_#1more': -2.205357, 'cluster_254337786_31404743': -1.4241072, 'cluster_537912_578689': -4.0,'GS_cluster_14485274_151021003_2335517648_254337785_#1more': 5, 'cluster_254337786_31404743': 3, 'cluster_537912_578689': 9,'GS_cluster_14485274_151021003_2335517648_254337785_#1more': 7, 'cluster_254337786_31404743': 5, 'cluster_537912_578689': 37,
450.0,'GS_cluster_14485274_151021003_2335517648_254337785_#1more': -2.9776785, 'cluster_254337786_31404743': -2.142857, 'cluster_537912_578689': -4.0,'GS_cluster_14485274_151021003_2335517648_254337785_#1more': 5, 'cluster_254337786_31404743': 3, 'cluster_537912_578689': 9,'GS_cluster_14485274_151021003_2335517648_254337785_#1more': 8, 'cluster_254337786_31404743': 10, 'cluster_537912_578689': 38,
475.0,'GS_cluster_14485274_151021003_2335517648_254337785_#1more': -3.982143, 'cluster_254337786_31404743': -1.2633928, 'cluster_537912_578689': -4.0,'GS_cluster_14485274_151021003_2335517648_254337785_#1more': 6, 'cluster_254337786_31404743': 3, 'cluster_537912_578689': 9,'GS_cluster_14485274_151021003_2335517648_254337785_#1more': 10, 'cluster_254337786_31404743': 14, 'cluster_537912_578689': 23,
500.0,'GS_cluster_14485274_151021003_2335517648_254337785_#1more': -4.0, 'cluster_254337786_31404743': -2.9017856, 'cluster_537912_578689': -4.0,'GS_cluster_14485274_151021003_2335517648_254337785_#1more': 8, 'cluster_254337786_31404743': 4, 'cluster_537912_578689': 9,'GS_cluster_14485274_151021003_2335517648_254337785_#1more': 15, 'cluster_254337786_31404743': 16, 'cluster_537912_578689': 24,
525.0,'GS_cluster_14485274_151021003_2335517648_254337785_#1more': -4.0, 'cluster_254337786_31404743': -4.0, 'cluster_537912_578689': -4.0,'GS_cluster_14485274_151021003_2335517648_254337785_#1more': 7, 'cluster_254337786_31404743': 4, 'cluster_537912_578689': 9,'GS_cluster_14485274_151021003_2335517648_254337785_#1more': 13, 'cluster_254337786_31404743': 22, 'cluster_537912_578689': 23,
550.0,'GS_cluster_14485274_151021003_2335517648_254337785_#1more': -4.0, 'cluster_254337786_31404743': -4.0, 'cluster_537912_578689': -4.0,'GS_cluster_14485274_151021003_2335517648_254337785_#1more': 7, 'cluster_254337786_31404743': 4, 'cluster_537912_578689': 9,'GS_cluster_14485274_151021003_2335517648_254337785_#1more': 13, 'cluster_254337786_31404743': 19, 'cluster_537912_578689': 22,
575.0,'GS_cluster_14485274_151021003_2335517648_254337785_#1more': -4.0, 'cluster_254337786_31404743': -4.0, 'cluster_537912_578689': -4.0,'GS_cluster_14485274_151021003_2335517648_254337785_#1more': 7, 'cluster_254337786_31404743': 4, 'cluster_537912_578689': 9,'GS_cluster_14485274_151021003_2335517648_254337785_#1more': 19, 'cluster_254337786_31404743': 16, 'cluster_537912_578689': 25,
600.0,'GS_cluster_14485274_151021003_2335517648_254337785_#1more': -4.0, 'cluster_254337786_31404743': -4.0, 'cluster_537912_578689': -4.0,'GS_cluster_14485274_151021003_2335517648_254337785_#1more': 5, 'cluster_254337786_31404743': 4, 'cluster_537912_578689': 9,'GS_cluster_14485274_151021003_2335517648_254337785_#1more': 16, 'cluster_254337786_31404743': 18, 'cluster_537912_578689': 24,
625.0,'GS_cluster_14485274_151021003_2335517648_254337785_#1more': -3.486607, 'cluster_254337786_31404743': -4.0, 'cluster_537912_578689': -4.0,'GS_cluster_14485274_151021003_2335517648_254337785_#1more': 5, 'cluster_254337786_31404743': 4, 'cluster_537912_578689': 9,'GS_cluster_14485274_151021003_2335517648_254337785_#1more': 15, 'cluster_254337786_31404743': 23, 'cluster_537912_578689': 29,
650.0,'GS_cluster_14485274_151021003_2335517648_254337785_#1more': -0.4017857, 'cluster_254337786_31404743': -4.0, 'cluster_537912_578689': -4.0,'GS_cluster_14485274_151021003_2335517648_254337785_#1more': 1, 'cluster_254337786_31404743': 4, 'cluster_537912_578689': 9,'GS_cluster_14485274_151021003_2335517648_254337785_#1more': 4, 'cluster_254337786_31404743': 25, 'cluster_537912_578689': 37,
675.0,'GS_cluster_14485274_151021003_2335517648_254337785_#1more': -0.95089287, 'cluster_254337786_31404743': -4.0, 'cluster_537912_578689': -4.0,'GS_cluster_14485274_151021003_2335517648_254337785_#1more': 1, 'cluster_254337786_31404743': 4, 'cluster_537912_578689': 9,'GS_cluster_14485274_151021003_2335517648_254337785_#1more': 6, 'cluster_254337786_31404743': 24, 'cluster_537912_578689': 40,
700.0,'GS_cluster_14485274_151021003_2335517648_254337785_#1more': -1.4866072, 'cluster_254337786_31404743': -1.1919643, 'cluster_537912_578689': -4.0,'GS_cluster_14485274_151021003_2335517648_254337785_#1more': 2, 'cluster_254337786_31404743': 7, 'cluster_537912_578689': 9,'GS_cluster_14485274_151021003_2335517648_254337785_#1more': 10, 'cluster_254337786_31404743': 11, 'cluster_537912_578689': 40,
725.0,'GS_cluster_14485274_151021003_2335517648_254337785_#1more': -1.7901785, 'cluster_254337786_31404743': -2.017857, 'cluster_537912_578689': -4.0,'GS_cluster_14485274_151021003_2335517648_254337785_#1more': 3, 'cluster_254337786_31404743': 7, 'cluster_537912_578689': 9,'GS_cluster_14485274_151021003_2335517648_254337785_#1more': 12, 'cluster_254337786_31404743': 11, 'cluster_537912_578689': 44,
750.0,'GS_cluster_14485274_151021003_2335517648_254337785_#1more': -2.357143, 'cluster_254337786_31404743': -3.375, 'cluster_537912_578689': -4.0,'GS_cluster_14485274_151021003_2335517648_254337785_#1more': 5, 'cluster_254337786_31404743': 8, 'cluster_537912_578689': 9,'GS_cluster_14485274_151021003_2335517648_254337785_#1more': 15, 'cluster_254337786_31404743': 14, 'cluster_537912_578689': 46,
775.0,'GS_cluster_14485274_151021003_2335517648_254337785_#1more': -4.0, 'cluster_254337786_31404743': -4.0, 'cluster_537912_578689': -4.0,'GS_cluster_14485274_151021003_2335517648_254337785_#1more': 5, 'cluster_254337786_31404743': 8, 'cluster_537912_578689': 9,'GS_cluster_14485274_151021003_2335517648_254337785_#1more': 19, 'cluster_254337786_31404743': 15, 'cluster_537912_578689': 48,
800.0,'GS_cluster_14485274_151021003_2335517648_254337785_#1more': -4.0, 'cluster_254337786_31404743': -4.0, 'cluster_537912_578689': -4.0,'GS_cluster_14485274_151021003_2335517648_254337785_#1more': 5, 'cluster_254337786_31404743': 9, 'cluster_537912_578689': 9,'GS_cluster_14485274_151021003_2335517648_254337785_#1more': 24, 'cluster_254337786_31404743': 16, 'cluster_537912_578689': 48,
825.0,'GS_cluster_14485274_151021003_2335517648_254337785_#1more': -4.0, 'cluster_254337786_31404743': -2.7723215, 'cluster_537912_578689': -4.0,'GS_cluster_14485274_151021003_2335517648_254337785_#1more': 6, 'cluster_254337786_31404743': 6, 'cluster_537912_578689': 9,'GS_cluster_14485274_151021003_2335517648_254337785_#1more': 23, 'cluster_254337786_31404743': 8, 'cluster_537912_578689': 48,
850.0,'GS_cluster_14485274_151021003_2335517648_254337785_#1more': -0.85714287, 'cluster_254337786_31404743': -3.794643, 'cluster_537912_578689': -4.0,'GS_cluster_14485274_151021003_2335517648_254337785_#1more': 3, 'cluster_254337786_31404743': 7, 'cluster_537912_578689': 9,'GS_cluster_14485274_151021003_2335517648_254337785_#1more': 5, 'cluster_254337786_31404743': 12, 'cluster_537912_578689': 49,
875.0,'GS_cluster_14485274_151021003_2335517648_254337785_#1more': -0.59821427, 'cluster_254337786_31404743': -4.0, 'cluster_537912_578689': -4.0,'GS_cluster_14485274_151021003_2335517648_254337785_#1more': 3, 'cluster_254337786_31404743': 8, 'cluster_537912_578689': 9,'GS_cluster_14485274_151021003_2335517648_254337785_#1more': 9, 'cluster_254337786_31404743': 18, 'cluster_537912_578689': 49,
900.0,'GS_cluster_14485274_151021003_2335517648_254337785_#1more': -1.3616072, 'cluster_254337786_31404743': -4.0, 'cluster_537912_578689': -4.0,'GS_cluster_14485274_151021003_2335517648_254337785_#1more': 3, 'cluster_254337786_31404743': 8, 'cluster_537912_578689': 9,'GS_cluster_14485274_151021003_2335517648_254337785_#1more': 9, 'cluster_254337786_31404743': 17, 'cluster_537912_578689': 49,
925.0,'GS_cluster_14485274_151021003_2335517648_254337785_#1more': -2.3080356, 'cluster_254337786_31404743': -4.0, 'cluster_537912_578689': -4.0,'GS_cluster_14485274_151021003_2335517648_254337785_#1more': 4, 'cluster_254337786_31404743': 8, 'cluster_537912_578689': 9,'GS_cluster_14485274_151021003_2335517648_254337785_#1more': 16, 'cluster_254337786_31404743': 10, 'cluster_537912_578689': 49,
950.0,'GS_cluster_14485274_151021003_2335517648_254337785_#1more': -4.0, 'cluster_254337786_31404743': -4.0, 'cluster_537912_578689': -4.0,'GS_cluster_14485274_151021003_2335517648_254337785_#1more': 7, 'cluster_254337786_31404743': 11, 'cluster_537912_578689': 9,'GS_cluster_14485274_151021003_2335517648_254337785_#1more': 25, 'cluster_254337786_31404743': 15, 'cluster_537912_578689': 50,
975.0,'GS_cluster_14485274_151021003_2335517648_254337785_#1more': -1.9821428, 'cluster_254337786_31404743': -4.0, 'cluster_537912_578689': -4.0,'GS_cluster_14485274_151021003_2335517648_254337785_#1more': 4, 'cluster_254337786_31404743': 12, 'cluster_537912_578689': 9,'GS_cluster_14485274_151021003_2335517648_254337785_#1more': 9, 'cluster_254337786_31404743': 17, 'cluster_537912_578689': 50,
1000.0,'GS_cluster_14485274_151021003_2335517648_254337785_#1more': -1.0089285, 'cluster_254337786_31404743': -4.0, 'cluster_537912_578689': -4.0,'GS_cluster_14485274_151021003_2335517648_254337785_#1more': 7, 'cluster_254337786_31404743': 13, 'cluster_537912_578689': 9,'GS_cluster_14485274_151021003_2335517648_254337785_#1more': 7, 'cluster_254337786_31404743': 19, 'cluster_537912_578689': 49,
1025.0,'GS_cluster_14485274_151021003_2335517648_254337785_#1more': -1.4553572, 'cluster_254337786_31404743': -4.0, 'cluster_537912_578689': -4.0,'GS_cluster_14485274_151021003_2335517648_254337785_#1more': 6, 'cluster_254337786_31404743': 13, 'cluster_537912_578689': 9,'GS_cluster_14485274_151021003_2335517648_254337785_#1more': 10, 'cluster_254337786_31404743': 22, 'cluster_537912_578689': 49,
1050.0,'GS_cluster_14485274_151021003_2335517648_254337785_#1more': -0.66071427, 'cluster_254337786_31404743': -4.0, 'cluster_537912_578689': -4.0,'GS_cluster_14485274_151021003_2335517648_254337785_#1more': 2, 'cluster_254337786_31404743': 14, 'cluster_537912_578689': 9,'GS_cluster_14485274_151021003_2335517648_254337785_#1more': 6, 'cluster_254337786_31404743': 22, 'cluster_537912_578689': 49,
1075.0,'GS_cluster_14485274_151021003_2335517648_254337785_#1more': -1.4107143, 'cluster_254337786_31404743': -4.0, 'cluster_537912_578689': -4.0,'GS_cluster_14485274_151021003_2335517648_254337785_#1more': 2, 'cluster_254337786_31404743': 15, 'cluster_537912_578689': 9,'GS_cluster_14485274_151021003_2335517648_254337785_#1more': 7, 'cluster_254337786_31404743': 23, 'cluster_537912_578689': 50,
1100.0,'GS_cluster_14485274_151021003_2335517648_254337785_#1more': -2.392857, 'cluster_254337786_31404743': -4.0, 'cluster_537912_578689': -4.0,'GS_cluster_14485274_151021003_2335517648_254337785_#1more': 3, 'cluster_254337786_31404743': 17, 'cluster_537912_578689': 9,'GS_cluster_14485274_151021003_2335517648_254337785_#1more': 9, 'cluster_254337786_31404743': 25, 'cluster_537912_578689': 52,
1125.0,'GS_cluster_14485274_151021003_2335517648_254337785_#1more': -3.7455356, 'cluster_254337786_31404743': -4.0, 'cluster_537912_578689': -4.0,'GS_cluster_14485274_151021003_2335517648_254337785_#1more': 3, 'cluster_254337786_31404743': 8, 'cluster_537912_578689': 9,'GS_cluster_14485274_151021003_2335517648_254337785_#1more': 14, 'cluster_254337786_31404743': 14, 'cluster_537912_578689': 52,
1150.0,'GS_cluster_14485274_151021003_2335517648_254337785_#1more': -4.0, 'cluster_254337786_31404743': -4.0, 'cluster_537912_578689': -4.0,'GS_cluster_14485274_151021003_2335517648_254337785_#1more': 4, 'cluster_254337786_31404743': 8, 'cluster_537912_578689': 9,'GS_cluster_14485274_151021003_2335517648_254337785_#1more': 15, 'cluster_254337786_31404743': 13, 'cluster_537912_578689': 53,
1175.0,'GS_cluster_14485274_151021003_2335517648_254337785_#1more': -1.0758928, 'cluster_254337786_31404743': -4.0, 'cluster_537912_578689': -4.0,'GS_cluster_14485274_151021003_2335517648_254337785_#1more': 2, 'cluster_254337786_31404743': 8, 'cluster_537912_578689': 9,'GS_cluster_14485274_151021003_2335517648_254337785_#1more': 6, 'cluster_254337786_31404743': 16, 'cluster_537912_578689': 53,
1200.0,'GS_cluster_14485274_151021003_2335517648_254337785_#1more': -1.59375, 'cluster_254337786_31404743': -4.0, 'cluster_537912_578689': -4.0,'GS_cluster_14485274_151021003_2335517648_254337785_#1more': 3, 'cluster_254337786_31404743': 8, 'cluster_537912_578689': 9,'GS_cluster_14485274_151021003_2335517648_254337785_#1more': 8, 'cluster_254337786_31404743': 13, 'cluster_537912_578689': 53,
1225.0,'GS_cluster_14485274_151021003_2335517648_254337785_#1more': -2.142857, 'cluster_254337786_31404743': -4.0, 'cluster_537912_578689': -4.0,'GS_cluster_14485274_151021003_2335517648_254337785_#1more': 3, 'cluster_254337786_31404743': 8, 'cluster_537912_578689': 9,'GS_cluster_14485274_151021003_2335517648_254337785_#1more': 9, 'cluster_254337786_31404743': 12, 'cluster_537912_578689': 52,
1250.0,'GS_cluster_14485274_151021003_2335517648_254337785_#1more': -3.4732144, 'cluster_254337786_31404743': -2.0044644, 'cluster_537912_578689': -4.0,'GS_cluster_14485274_151021003_2335517648_254337785_#1more': 4, 'cluster_254337786_31404743': 4, 'cluster_537912_578689': 9,'GS_cluster_14485274_151021003_2335517648_254337785_#1more': 13, 'cluster_254337786_31404743': 6, 'cluster_537912_578689': 53,
1275.0,'GS_cluster_14485274_151021003_2335517648_254337785_#1more': -3.0, 'cluster_254337786_31404743': -2.8214285, 'cluster_537912_578689': -4.0,'GS_cluster_14485274_151021003_2335517648_254337785_#1more': 4, 'cluster_254337786_31404743': 4, 'cluster_537912_578689': 9,'GS_cluster_14485274_151021003_2335517648_254337785_#1more': 8, 'cluster_254337786_31404743': 8, 'cluster_537912_578689': 55,
1300.0,'GS_cluster_14485274_151021003_2335517648_254337785_#1more': -4.0, 'cluster_254337786_31404743': -0.97321427, 'cluster_537912_578689': -4.0,'GS_cluster_14485274_151021003_2335517648_254337785_#1more': 5, 'cluster_254337786_31404743': 3, 'cluster_537912_578689': 9,'GS_cluster_14485274_151021003_2335517648_254337785_#1more': 13, 'cluster_254337786_31404743': 7, 'cluster_537912_578689': 54,
1325.0,'GS_cluster_14485274_151021003_2335517648_254337785_#1more': -1.6964285, 'cluster_254337786_31404743': -1.1428572, 'cluster_537912_578689': -4.0,'GS_cluster_14485274_151021003_2335517648_254337785_#1more': 4, 'cluster_254337786_31404743': 3, 'cluster_537912_578689': 9,'GS_cluster_14485274_151021003_2335517648_254337785_#1more': 9, 'cluster_254337786_31404743': 6, 'cluster_537912_578689': 54,
1350.0,'GS_cluster_14485274_151021003_2335517648_254337785_#1more': -1.8035715, 'cluster_254337786_31404743': -1.8616072, 'cluster_537912_578689': -4.0,'GS_cluster_14485274_151021003_2335517648_254337785_#1more': 4, 'cluster_254337786_31404743': 3, 'cluster_537912_578689': 9,'GS_cluster_14485274_151021003_2335517648_254337785_#1more': 9, 'cluster_254337786_31404743': 8, 'cluster_537912_578689': 56,
1375.0,'GS_cluster_14485274_151021003_2335517648_254337785_#1more': -3.28125, 'cluster_254337786_31404743': -0.3794643, 'cluster_537912_578689': -4.0,'GS_cluster_14485274_151021003_2335517648_254337785_#1more': 4, 'cluster_254337786_31404743': 2, 'cluster_537912_578689': 9,'GS_cluster_14485274_151021003_2335517648_254337785_#1more': 14, 'cluster_254337786_31404743': 5, 'cluster_537912_578689': 56,
1400.0,'GS_cluster_14485274_151021003_2335517648_254337785_#1more': -2.5267856, 'cluster_254337786_31404743': -0.47767857, 'cluster_537912_578689': -4.0,'GS_cluster_14485274_151021003_2335517648_254337785_#1more': 3, 'cluster_254337786_31404743': 2, 'cluster_537912_578689': 9,'GS_cluster_14485274_151021003_2335517648_254337785_#1more': 12, 'cluster_254337786_31404743': 4, 'cluster_537912_578689': 55,
1425.0,'GS_cluster_14485274_151021003_2335517648_254337785_#1more': -3.3125, 'cluster_254337786_31404743': -0.8839286, 'cluster_537912_578689': -4.0,'GS_cluster_14485274_151021003_2335517648_254337785_#1more': 3, 'cluster_254337786_31404743': 3, 'cluster_537912_578689': 9,'GS_cluster_14485274_151021003_2335517648_254337785_#1more': 12, 'cluster_254337786_31404743': 9, 'cluster_537912_578689': 57,
1450.0,'GS_cluster_14485274_151021003_2335517648_254337785_#1more': -4.0, 'cluster_254337786_31404743': -2.0, 'cluster_537912_578689': -4.0,'GS_cluster_14485274_151021003_2335517648_254337785_#1more': 4, 'cluster_254337786_31404743': 4, 'cluster_537912_578689': 9,'GS_cluster_14485274_151021003_2335517648_254337785_#1more': 14, 'cluster_254337786_31404743': 12, 'cluster_537912_578689': 57,
1475.0,'GS_cluster_14485274_151021003_2335517648_254337785_#1more': -0.5089286, 'cluster_254337786_31404743': -1.3660715, 'cluster_537912_578689': -4.0,'GS_cluster_14485274_151021003_2335517648_254337785_#1more': 2, 'cluster_254337786_31404743': 4, 'cluster_537912_578689': 9,'GS_cluster_14485274_151021003_2335517648_254337785_#1more': 4, 'cluster_254337786_31404743': 5, 'cluster_537912_578689': 56,
1500.0,'GS_cluster_14485274_151021003_2335517648_254337785_#1more': -0.67410713, 'cluster_254337786_31404743': -1.9910715, 'cluster_537912_578689': -4.0,'GS_cluster_14485274_151021003_2335517648_254337785_#1more': 2, 'cluster_254337786_31404743': 7, 'cluster_537912_578689': 9,'GS_cluster_14485274_151021003_2335517648_254337785_#1more': 4, 'cluster_254337786_31404743': 10, 'cluster_537912_578689': 56,
1525.0,'GS_cluster_14485274_151021003_2335517648_254337785_#1more': -1.4107143, 'cluster_254337786_31404743': -3.3214285, 'cluster_537912_578689': -4.0,'GS_cluster_14485274_151021003_2335517648_254337785_#1more': 2, 'cluster_254337786_31404743': 7, 'cluster_537912_578689': 9,'GS_cluster_14485274_151021003_2335517648_254337785_#1more': 9, 'cluster_254337786_31404743': 13, 'cluster_537912_578689': 55,
1550.0,'GS_cluster_14485274_151021003_2335517648_254337785_#1more': -1.9196428, 'cluster_254337786_31404743': -1.4553572, 'cluster_537912_578689': -4.0,'GS_cluster_14485274_151021003_2335517648_254337785_#1more': 2, 'cluster_254337786_31404743': 3, 'cluster_537912_578689': 9,'GS_cluster_14485274_151021003_2335517648_254337785_#1more': 9, 'cluster_254337786_31404743': 9, 'cluster_537912_578689': 57,
1575.0,'GS_cluster_14485274_151021003_2335517648_254337785_#1more': -1.6919643, 'cluster_254337786_31404743': -3.0044644, 'cluster_537912_578689': -4.0,'GS_cluster_14485274_151021003_2335517648_254337785_#1more': 4, 'cluster_254337786_31404743': 4, 'cluster_537912_578689': 9,'GS_cluster_14485274_151021003_2335517648_254337785_#1more': 9, 'cluster_254337786_31404743': 17, 'cluster_537912_578689': 56,
1600.0,'GS_cluster_14485274_151021003_2335517648_254337785_#1more': -2.7589285, 'cluster_254337786_31404743': -2.6294644, 'cluster_537912_578689': -4.0,'GS_cluster_14485274_151021003_2335517648_254337785_#1more': 4, 'cluster_254337786_31404743': 6, 'cluster_537912_578689': 9,'GS_cluster_14485274_151021003_2335517648_254337785_#1more': 14, 'cluster_254337786_31404743': 12, 'cluster_537912_578689': 57,
1625.0,'GS_cluster_14485274_151021003_2335517648_254337785_#1more': -1.8883928, 'cluster_254337786_31404743': -1.65625, 'cluster_537912_578689': -4.0,'GS_cluster_14485274_151021003_2335517648_254337785_#1more': 3, 'cluster_254337786_31404743': 5, 'cluster_537912_578689': 9,'GS_cluster_14485274_151021003_2335517648_254337785_#1more': 12, 'cluster_254337786_31404743': 10, 'cluster_537912_578689': 57,
1650.0,'GS_cluster_14485274_151021003_2335517648_254337785_#1more': -1.5267857, 'cluster_254337786_31404743': -2.4107144, 'cluster_537912_578689': -4.0,'GS_cluster_14485274_151021003_2335517648_254337785_#1more': 3, 'cluster_254337786_31404743': 6, 'cluster_537912_578689': 9,'GS_cluster_14485274_151021003_2335517648_254337785_#1more': 7, 'cluster_254337786_31404743': 10, 'cluster_537912_578689': 57,
1675.0,'GS_cluster_14485274_151021003_2335517648_254337785_#1more': -2.2589285, 'cluster_254337786_31404743': -3.7589285, 'cluster_537912_578689': -4.0,'GS_cluster_14485274_151021003_2335517648_254337785_#1more': 4, 'cluster_254337786_31404743': 7, 'cluster_537912_578689': 9,'GS_cluster_14485274_151021003_2335517648_254337785_#1more': 10, 'cluster_254337786_31404743': 14, 'cluster_537912_578689': 57,
1700.0,'GS_cluster_14485274_151021003_2335517648_254337785_#1more': -3.3125, 'cluster_254337786_31404743': -4.0, 'cluster_537912_578689': -4.0,'GS_cluster_14485274_151021003_2335517648_254337785_#1more': 4, 'cluster_254337786_31404743': 9, 'cluster_537912_578689': 9,'GS_cluster_14485274_151021003_2335517648_254337785_#1more': 12, 'cluster_254337786_31404743': 16, 'cluster_537912_578689': 57,
1725.0,'GS_cluster_14485274_151021003_2335517648_254337785_#1more': -4.0, 'cluster_254337786_31404743': -4.0, 'cluster_537912_578689': -4.0,'GS_cluster_14485274_151021003_2335517648_254337785_#1more': 4, 'cluster_254337786_31404743': 11, 'cluster_537912_578689': 9,'GS_cluster_14485274_151021003_2335517648_254337785_#1more': 16, 'cluster_254337786_31404743': 17, 'cluster_537912_578689': 57,
1750.0,'GS_cluster_14485274_151021003_2335517648_254337785_#1more': -4.0, 'cluster_254337786_31404743': -4.0, 'cluster_537912_578689': -4.0,'GS_cluster_14485274_151021003_2335517648_254337785_#1more': 5, 'cluster_254337786_31404743': 13, 'cluster_537912_578689': 9,'GS_cluster_14485274_151021003_2335517648_254337785_#1more': 17, 'cluster_254337786_31404743': 19, 'cluster_537912_578689': 58,
1775.0,'GS_cluster_14485274_151021003_2335517648_254337785_#1more': -4.0, 'cluster_254337786_31404743': -3.4375, 'cluster_537912_578689': -4.0,'GS_cluster_14485274_151021003_2335517648_254337785_#1more': 6, 'cluster_254337786_31404743': 4, 'cluster_537912_578689': 9,'GS_cluster_14485274_151021003_2335517648_254337785_#1more': 20, 'cluster_254337786_31404743': 11, 'cluster_537912_578689': 57,
1800.0,'GS_cluster_14485274_151021003_2335517648_254337785_#1more': -4.0, 'cluster_254337786_31404743': -4.0, 'cluster_537912_578689': -4.0,'GS_cluster_14485274_151021003_2335517648_254337785_#1more': 6, 'cluster_254337786_31404743': 8, 'cluster_537912_578689': 9,'GS_cluster_14485274_151021003_2335517648_254337785_#1more': 25, 'cluster_254337786_31404743': 17, 'cluster_537912_578689': 56,
1825.0,'GS_cluster_14485274_151021003_2335517648_254337785_#1more': -4.0, 'cluster_254337786_31404743': -3.0848215, 'cluster_537912_578689': -4.0,'GS_cluster_14485274_151021003_2335517648_254337785_#1more': 9, 'cluster_254337786_31404743': 8, 'cluster_537912_578689': 9,'GS_cluster_14485274_151021003_2335517648_254337785_#1more': 30, 'cluster_254337786_31404743': 16, 'cluster_537912_578689': 55,
1850.0,'GS_cluster_14485274_151021003_2335517648_254337785_#1more': -4.0, 'cluster_254337786_31404743': -1.9866072, 'cluster_537912_578689': -4.0,'GS_cluster_14485274_151021003_2335517648_254337785_#1more': 9, 'cluster_254337786_31404743': 4, 'cluster_537912_578689': 9,'GS_cluster_14485274_151021003_2335517648_254337785_#1more': 33, 'cluster_254337786_31404743': 12, 'cluster_537912_578689': 54,
1875.0,'GS_cluster_14485274_151021003_2335517648_254337785_#1more': -4.0, 'cluster_254337786_31404743': -3.4419644, 'cluster_537912_578689': -4.0,'GS_cluster_14485274_151021003_2335517648_254337785_#1more': 9, 'cluster_254337786_31404743': 4, 'cluster_537912_578689': 9,'GS_cluster_14485274_151021003_2335517648_254337785_#1more': 33, 'cluster_254337786_31404743': 14, 'cluster_537912_578689': 54,
1900.0,'GS_cluster_14485274_151021003_2335517648_254337785_#1more': -4.0, 'cluster_254337786_31404743': -4.0, 'cluster_537912_578689': -4.0,'GS_cluster_14485274_151021003_2335517648_254337785_#1more': 10, 'cluster_254337786_31404743': 5, 'cluster_537912_578689': 9,'GS_cluster_14485274_151021003_2335517648_254337785_#1more': 37, 'cluster_254337786_31404743': 17, 'cluster_537912_578689': 53,
1925.0,'GS_cluster_14485274_151021003_2335517648_254337785_#1more': -4.0, 'cluster_254337786_31404743': -4.0, 'cluster_537912_578689': -4.0,'GS_cluster_14485274_151021003_2335517648_254337785_#1more': 10, 'cluster_254337786_31404743': 5, 'cluster_537912_578689': 9,'GS_cluster_14485274_151021003_2335517648_254337785_#1more': 40, 'cluster_254337786_31404743': 19, 'cluster_537912_578689': 53,
1950.0,'GS_cluster_14485274_151021003_2335517648_254337785_#1more': -4.0, 'cluster_254337786_31404743': -4.0, 'cluster_537912_578689': -4.0,'GS_cluster_14485274_151021003_2335517648_254337785_#1more': 11, 'cluster_254337786_31404743': 5, 'cluster_537912_578689': 9,'GS_cluster_14485274_151021003_2335517648_254337785_#1more': 42, 'cluster_254337786_31404743': 23, 'cluster_537912_578689': 52,
1975.0,'GS_cluster_14485274_151021003_2335517648_254337785_#1more': -4.0, 'cluster_254337786_31404743': -4.0, 'cluster_537912_578689': -4.0,'GS_cluster_14485274_151021003_2335517648_254337785_#1more': 11, 'cluster_254337786_31404743': 6, 'cluster_537912_578689': 9,'GS_cluster_14485274_151021003_2335517648_254337785_#1more': 39, 'cluster_254337786_31404743': 25, 'cluster_537912_578689': 52,
2000.0,'GS_cluster_14485274_151021003_2335517648_254337785_#1more': -4.0, 'cluster_254337786_31404743': -4.0, 'cluster_537912_578689': -4.0,'GS_cluster_14485274_151021003_2335517648_254337785_#1more': 11, 'cluster_254337786_31404743': 5, 'cluster_537912_578689': 9,'GS_cluster_14485274_151021003_2335517648_254337785_#1more': 40, 'cluster_254337786_31404743': 21, 'cluster_537912_578689': 54,
2025.0,'GS_cluster_14485274_151021003_2335517648_254337785_#1more': -4.0, 'cluster_254337786_31404743': -4.0, 'cluster_537912_578689': -4.0,'GS_cluster_14485274_151021003_2335517648_254337785_#1more': 13, 'cluster_254337786_31404743': 5, 'cluster_537912_578689': 9,'GS_cluster_14485274_151021003_2335517648_254337785_#1more': 43, 'cluster_254337786_31404743': 22, 'cluster_537912_578689': 53,
2050.0,'GS_cluster_14485274_151021003_2335517648_254337785_#1more': -4.0, 'cluster_254337786_31404743': -4.0, 'cluster_537912_578689': -4.0,'GS_cluster_14485274_151021003_2335517648_254337785_#1more': 13, 'cluster_254337786_31404743': 6, 'cluster_537912_578689': 9,'GS_cluster_14485274_151021003_2335517648_254337785_#1more': 46, 'cluster_254337786_31404743': 28, 'cluster_537912_578689': 53,
2075.0,'GS_cluster_14485274_151021003_2335517648_254337785_#1more': -4.0, 'cluster_254337786_31404743': -4.0, 'cluster_537912_578689': -4.0,'GS_cluster_14485274_151021003_2335517648_254337785_#1more': 13, 'cluster_254337786_31404743': 6, 'cluster_537912_578689': 9,'GS_cluster_14485274_151021003_2335517648_254337785_#1more': 42, 'cluster_254337786_31404743': 28, 'cluster_537912_578689': 54,
2100.0,'GS_cluster_14485274_151021003_2335517648_254337785_#1more': -4.0, 'cluster_254337786_31404743': -4.0, 'cluster_537912_578689': -4.0,'GS_cluster_14485274_151021003_2335517648_254337785_#1more': 14, 'cluster_254337786_31404743': 7, 'cluster_537912_578689': 9,'GS_cluster_14485274_151021003_2335517648_254337785_#1more': 43, 'cluster_254337786_31404743': 31, 'cluster_537912_578689': 54,
2125.0,'GS_cluster_14485274_151021003_2335517648_254337785_#1more': -4.0, 'cluster_254337786_31404743': -4.0, 'cluster_537912_578689': -4.0,'GS_cluster_14485274_151021003_2335517648_254337785_#1more': 16, 'cluster_254337786_31404743': 8, 'cluster_537912_578689': 9,'GS_cluster_14485274_151021003_2335517648_254337785_#1more': 45, 'cluster_254337786_31404743': 34, 'cluster_537912_578689': 56,
2150.0,'GS_cluster_14485274_151021003_2335517648_254337785_#1more': -4.0, 'cluster_254337786_31404743': -4.0, 'cluster_537912_578689': -4.0,'GS_cluster_14485274_151021003_2335517648_254337785_#1more': 16, 'cluster_254337786_31404743': 8, 'cluster_537912_578689': 9,'GS_cluster_14485274_151021003_2335517648_254337785_#1more': 45, 'cluster_254337786_31404743': 30, 'cluster_537912_578689': 56,
2175.0,'GS_cluster_14485274_151021003_2335517648_254337785_#1more': -4.0, 'cluster_254337786_31404743': -0.98660713, 'cluster_537912_578689': -4.0,'GS_cluster_14485274_151021003_2335517648_254337785_#1more': 17, 'cluster_254337786_31404743': 3, 'cluster_537912_578689': 9,'GS_cluster_14485274_151021003_2335517648_254337785_#1more': 48, 'cluster_254337786_31404743': 5, 'cluster_537912_578689': 55,
2200.0,'GS_cluster_14485274_151021003_2335517648_254337785_#1more': -4.0, 'cluster_254337786_31404743': -0.58928573, 'cluster_537912_578689': -4.0,'GS_cluster_14485274_151021003_2335517648_254337785_#1more': 17, 'cluster_254337786_31404743': 3, 'cluster_537912_578689': 9,'GS_cluster_14485274_151021003_2335517648_254337785_#1more': 47, 'cluster_254337786_31404743': 7, 'cluster_537912_578689': 55,
2225.0,'GS_cluster_14485274_151021003_2335517648_254337785_#1more': -4.0, 'cluster_254337786_31404743': -1.6607143, 'cluster_537912_578689': -4.0,'GS_cluster_14485274_151021003_2335517648_254337785_#1more': 18, 'cluster_254337786_31404743': 5, 'cluster_537912_578689': 9,'GS_cluster_14485274_151021003_2335517648_254337785_#1more': 49, 'cluster_254337786_31404743': 12, 'cluster_537912_578689': 55,
2250.0,'GS_cluster_14485274_151021003_2335517648_254337785_#1more': -4.0, 'cluster_254337786_31404743': -2.8482144, 'cluster_537912_578689': -4.0,'GS_cluster_14485274_151021003_2335517648_254337785_#1more': 18, 'cluster_254337786_31404743': 6, 'cluster_537912_578689': 9,'GS_cluster_14485274_151021003_2335517648_254337785_#1more': 48, 'cluster_254337786_31404743': 17, 'cluster_537912_578689': 55,
2275.0,'GS_cluster_14485274_151021003_2335517648_254337785_#1more': -4.0, 'cluster_254337786_31404743': -3.21875, 'cluster_537912_578689': -4.0,'GS_cluster_14485274_151021003_2335517648_254337785_#1more': 18, 'cluster_254337786_31404743': 3, 'cluster_537912_578689': 9,'GS_cluster_14485274_151021003_2335517648_254337785_#1more': 48, 'cluster_254337786_31404743': 15, 'cluster_537912_578689': 56,
2300.0,'GS_cluster_14485274_151021003_2335517648_254337785_#1more': -4.0, 'cluster_254337786_31404743': -4.0, 'cluster_537912_578689': -4.0,'GS_cluster_14485274_151021003_2335517648_254337785_#1more': 18, 'cluster_254337786_31404743': 4, 'cluster_537912_578689': 10,'GS_cluster_14485274_151021003_2335517648_254337785_#1more': 49, 'cluster_254337786_31404743': 16, 'cluster_537912_578689': 57,
2325.0,'GS_cluster_14485274_151021003_2335517648_254337785_#1more': -4.0, 'cluster_254337786_31404743': -4.0, 'cluster_537912_578689': -4.0,'GS_cluster_14485274_151021003_2335517648_254337785_#1more': 19, 'cluster_254337786_31404743': 4, 'cluster_537912_578689': 11,'GS_cluster_14485274_151021003_2335517648_254337785_#1more': 51, 'cluster_254337786_31404743': 17, 'cluster_537912_578689': 59,
2350.0,'GS_cluster_14485274_151021003_2335517648_254337785_#1more': -4.0, 'cluster_254337786_31404743': -4.0, 'cluster_537912_578689': -4.0,'GS_cluster_14485274_151021003_2335517648_254337785_#1more': 19, 'cluster_254337786_31404743': 3, 'cluster_537912_578689': 11,'GS_cluster_14485274_151021003_2335517648_254337785_#1more': 51, 'cluster_254337786_31404743': 15, 'cluster_537912_578689': 58,
2375.0,'GS_cluster_14485274_151021003_2335517648_254337785_#1more': -4.0, 'cluster_254337786_31404743': -4.0, 'cluster_537912_578689': -4.0,'GS_cluster_14485274_151021003_2335517648_254337785_#1more': 19, 'cluster_254337786_31404743': 3, 'cluster_537912_578689': 12,'GS_cluster_14485274_151021003_2335517648_254337785_#1more': 52, 'cluster_254337786_31404743': 18, 'cluster_537912_578689': 61,
2400.0,'GS_cluster_14485274_151021003_2335517648_254337785_#1more': -4.0, 'cluster_254337786_31404743': -4.0, 'cluster_537912_578689': -4.0,'GS_cluster_14485274_151021003_2335517648_254337785_#1more': 19, 'cluster_254337786_31404743': 4, 'cluster_537912_578689': 12,'GS_cluster_14485274_151021003_2335517648_254337785_#1more': 52, 'cluster_254337786_31404743': 18, 'cluster_537912_578689': 65,
2425.0,'GS_cluster_14485274_151021003_2335517648_254337785_#1more': -4.0, 'cluster_254337786_31404743': -0.15178572, 'cluster_537912_578689': -4.0,'GS_cluster_14485274_151021003_2335517648_254337785_#1more': 19, 'cluster_254337786_31404743': 1, 'cluster_537912_578689': 12,'GS_cluster_14485274_151021003_2335517648_254337785_#1more': 54, 'cluster_254337786_31404743': 3, 'cluster_537912_578689': 64,
2450.0,'GS_cluster_14485274_151021003_2335517648_254337785_#1more': -4.0, 'cluster_254337786_31404743': -0.5848214, 'cluster_537912_578689': -4.0,'GS_cluster_14485274_151021003_2335517648_254337785_#1more': 19, 'cluster_254337786_31404743': 2, 'cluster_537912_578689': 12,'GS_cluster_14485274_151021003_2335517648_254337785_#1more': 55, 'cluster_254337786_31404743': 5, 'cluster_537912_578689': 63,
2475.0,'GS_cluster_14485274_151021003_2335517648_254337785_#1more': -4.0, 'cluster_254337786_31404743': -0.5223214, 'cluster_537912_578689': -4.0,'GS_cluster_14485274_151021003_2335517648_254337785_#1more': 19, 'cluster_254337786_31404743': 2, 'cluster_537912_578689': 12,'GS_cluster_14485274_151021003_2335517648_254337785_#1more': 58, 'cluster_254337786_31404743': 5, 'cluster_537912_578689': 63,
2500.0,'GS_cluster_14485274_151021003_2335517648_254337785_#1more': -4.0, 'cluster_254337786_31404743': -1.1160715, 'cluster_537912_578689': -4.0,'GS_cluster_14485274_151021003_2335517648_254337785_#1more': 19, 'cluster_254337786_31404743': 5, 'cluster_537912_578689': 12,'GS_cluster_14485274_151021003_2335517648_254337785_#1more': 59, 'cluster_254337786_31404743': 10, 'cluster_537912_578689': 64,
2525.0,'GS_cluster_14485274_151021003_2335517648_254337785_#1more': -4.0, 'cluster_254337786_31404743': -1.7767857, 'cluster_537912_578689': -4.0,'GS_cluster_14485274_151021003_2335517648_254337785_#1more': 19, 'cluster_254337786_31404743': 3, 'cluster_537912_578689': 12,'GS_cluster_14485274_151021003_2335517648_254337785_#1more': 60, 'cluster_254337786_31404743': 12, 'cluster_537912_578689': 63,
2550.0,'GS_cluster_14485274_151021003_2335517648_254337785_#1more': -4.0, 'cluster_254337786_31404743': -2.2544644, 'cluster_537912_578689': -4.0,'GS_cluster_14485274_151021003_2335517648_254337785_#1more': 19, 'cluster_254337786_31404743': 3, 'cluster_537912_578689': 12,'GS_cluster_14485274_151021003_2335517648_254337785_#1more': 62, 'cluster_254337786_31404743': 10, 'cluster_537912_578689': 63,
2575.0,'GS_cluster_14485274_151021003_2335517648_254337785_#1more': -4.0, 'cluster_254337786_31404743': -0.35267857, 'cluster_537912_578689': -4.0,'GS_cluster_14485274_151021003_2335517648_254337785_#1more': 19, 'cluster_254337786_31404743': 3, 'cluster_537912_578689': 12,'GS_cluster_14485274_151021003_2335517648_254337785_#1more': 62, 'cluster_254337786_31404743': 6, 'cluster_537912_578689': 63,
2600.0,'GS_cluster_14485274_151021003_2335517648_254337785_#1more': -4.0, 'cluster_254337786_31404743': -0.70089287, 'cluster_537912_578689': -4.0,'GS_cluster_14485274_151021003_2335517648_254337785_#1more': 19, 'cluster_254337786_31404743': 3, 'cluster_537912_578689': 12,'GS_cluster_14485274_151021003_2335517648_254337785_#1more': 62, 'cluster_254337786_31404743': 7, 'cluster_537912_578689': 65,
2625.0,'GS_cluster_14485274_151021003_2335517648_254337785_#1more': -4.0, 'cluster_254337786_31404743': -0.8973214, 'cluster_537912_578689': -4.0,'GS_cluster_14485274_151021003_2335517648_254337785_#1more': 19, 'cluster_254337786_31404743': 4, 'cluster_537912_578689': 12,'GS_cluster_14485274_151021003_2335517648_254337785_#1more': 62, 'cluster_254337786_31404743': 7, 'cluster_537912_578689': 64,
2650.0,'GS_cluster_14485274_151021003_2335517648_254337785_#1more': -4.0, 'cluster_254337786_31404743': -1.7767857, 'cluster_537912_578689': -4.0,'GS_cluster_14485274_151021003_2335517648_254337785_#1more': 19, 'cluster_254337786_31404743': 5, 'cluster_537912_578689': 12,'GS_cluster_14485274_151021003_2335517648_254337785_#1more': 63, 'cluster_254337786_31404743': 8, 'cluster_537912_578689': 64,
2675.0,'GS_cluster_14485274_151021003_2335517648_254337785_#1more': -4.0, 'cluster_254337786_31404743': -1.1205357, 'cluster_537912_578689': -4.0,'GS_cluster_14485274_151021003_2335517648_254337785_#1more': 19, 'cluster_254337786_31404743': 2, 'cluster_537912_578689': 12,'GS_cluster_14485274_151021003_2335517648_254337785_#1more': 64, 'cluster_254337786_31404743': 5, 'cluster_537912_578689': 63,
2700.0,'GS_cluster_14485274_151021003_2335517648_254337785_#1more': -4.0, 'cluster_254337786_31404743': -1.7589285, 'cluster_537912_578689': -4.0,'GS_cluster_14485274_151021003_2335517648_254337785_#1more': 19, 'cluster_254337786_31404743': 2, 'cluster_537912_578689': 12,'GS_cluster_14485274_151021003_2335517648_254337785_#1more': 65, 'cluster_254337786_31404743': 7, 'cluster_537912_578689': 62,
2725.0,'GS_cluster_14485274_151021003_2335517648_254337785_#1more': -4.0, 'cluster_254337786_31404743': -2.7142856, 'cluster_537912_578689': -4.0,'GS_cluster_14485274_151021003_2335517648_254337785_#1more': 19, 'cluster_254337786_31404743': 3, 'cluster_537912_578689': 12,'GS_cluster_14485274_151021003_2335517648_254337785_#1more': 68, 'cluster_254337786_31404743': 10, 'cluster_537912_578689': 61,
2750.0,'GS_cluster_14485274_151021003_2335517648_254337785_#1more': -4.0, 'cluster_254337786_31404743': -3.6964285, 'cluster_537912_578689': -4.0,'GS_cluster_14485274_151021003_2335517648_254337785_#1more': 19, 'cluster_254337786_31404743': 3, 'cluster_537912_578689': 12,'GS_cluster_14485274_151021003_2335517648_254337785_#1more': 68, 'cluster_254337786_31404743': 11, 'cluster_537912_578689': 61,
2775.0,'GS_cluster_14485274_151021003_2335517648_254337785_#1more': -4.0, 'cluster_254337786_31404743': -0.76785713, 'cluster_537912_578689': -4.0,'GS_cluster_14485274_151021003_2335517648_254337785_#1more': 19, 'cluster_254337786_31404743': 2, 'cluster_537912_578689': 12,'GS_cluster_14485274_151021003_2335517648_254337785_#1more': 70, 'cluster_254337786_31404743': 5, 'cluster_537912_578689': 61,
2800.0,'GS_cluster_14485274_151021003_2335517648_254337785_#1more': -4.0, 'cluster_254337786_31404743': -1.1741072, 'cluster_537912_578689': -4.0,'GS_cluster_14485274_151021003_2335517648_254337785_#1more': 19, 'cluster_254337786_31404743': 4, 'cluster_537912_578689': 12,'GS_cluster_14485274_151021003_2335517648_254337785_#1more': 71, 'cluster_254337786_31404743': 7, 'cluster_537912_578689': 61,
2825.0,'GS_cluster_14485274_151021003_2335517648_254337785_#1more': -4.0, 'cluster_254337786_31404743': -0.6160714, 'cluster_537912_578689': -4.0,'GS_cluster_14485274_151021003_2335517648_254337785_#1more': 19, 'cluster_254337786_31404743': 2, 'cluster_537912_578689': 12,'GS_cluster_14485274_151021003_2335517648_254337785_#1more': 71, 'cluster_254337786_31404743': 3, 'cluster_537912_578689': 61,
2850.0,'GS_cluster_14485274_151021003_2335517648_254337785_#1more': -4.0, 'cluster_254337786_31404743': -0.87053573, 'cluster_537912_578689': -4.0,'GS_cluster_14485274_151021003_2335517648_254337785_#1more': 19, 'cluster_254337786_31404743': 2, 'cluster_537912_578689': 12,'GS_cluster_14485274_151021003_2335517648_254337785_#1more': 71, 'cluster_254337786_31404743': 5, 'cluster_537912_578689': 61,
2875.0,'GS_cluster_14485274_151021003_2335517648_254337785_#1more': -4.0, 'cluster_254337786_31404743': -1.1964285, 'cluster_537912_578689': -4.0,'GS_cluster_14485274_151021003_2335517648_254337785_#1more': 19, 'cluster_254337786_31404743': 2, 'cluster_537912_578689': 12,'GS_cluster_14485274_151021003_2335517648_254337785_#1more': 71, 'cluster_254337786_31404743': 4, 'cluster_537912_578689': 61,
2900.0,'GS_cluster_14485274_151021003_2335517648_254337785_#1more': -4.0, 'cluster_254337786_31404743': -1.3526785, 'cluster_537912_578689': -4.0,'GS_cluster_14485274_151021003_2335517648_254337785_#1more': 19, 'cluster_254337786_31404743': 2, 'cluster_537912_578689': 12,'GS_cluster_14485274_151021003_2335517648_254337785_#1more': 71, 'cluster_254337786_31404743': 5, 'cluster_537912_578689': 61,
2925.0,'GS_cluster_14485274_151021003_2335517648_254337785_#1more': -4.0, 'cluster_254337786_31404743': -1.3526785, 'cluster_537912_578689': -4.0,'GS_cluster_14485274_151021003_2335517648_254337785_#1more': 19, 'cluster_254337786_31404743': 2, 'cluster_537912_578689': 12,'GS_cluster_14485274_151021003_2335517648_254337785_#1more': 71, 'cluster_254337786_31404743': 2, 'cluster_537912_578689': 61,
2950.0,'GS_cluster_14485274_151021003_2335517648_254337785_#1more': -4.0, 'cluster_254337786_31404743': -1.5982143, 'cluster_537912_578689': -4.0,'GS_cluster_14485274_151021003_2335517648_254337785_#1more': 19, 'cluster_254337786_31404743': 2, 'cluster_537912_578689': 12,'GS_cluster_14485274_151021003_2335517648_254337785_#1more': 71, 'cluster_254337786_31404743': 3, 'cluster_537912_578689': 61,
2975.0,'GS_cluster_14485274_151021003_2335517648_254337785_#1more': -4.0, 'cluster_254337786_31404743': -1.8258928, 'cluster_537912_578689': -4.0,'GS_cluster_14485274_151021003_2335517648_254337785_#1more': 19, 'cluster_254337786_31404743': 2, 'cluster_537912_578689': 12,'GS_cluster_14485274_151021003_2335517648_254337785_#1more': 71, 'cluster_254337786_31404743': 4, 'cluster_537912_578689': 61,
3000.0,'GS_cluster_14485274_151021003_2335517648_254337785_#1more': -4.0, 'cluster_254337786_31404743': -2.3348215, 'cluster_537912_578689': -4.0,'GS_cluster_14485274_151021003_2335517648_254337785_#1more': 19, 'cluster_254337786_31404743': 3, 'cluster_537912_578689': 12,'GS_cluster_14485274_151021003_2335517648_254337785_#1more': 71, 'cluster_254337786_31404743': 5, 'cluster_537912_578689': 61,
3025.0,'GS_cluster_14485274_151021003_2335517648_254337785_#1more': -4.0, 'cluster_254337786_31404743': -0.75446427, 'cluster_537912_578689': -4.0,'GS_cluster_14485274_151021003_2335517648_254337785_#1more': 19, 'cluster_254337786_31404743': 4, 'cluster_537912_578689': 12,'GS_cluster_14485274_151021003_2335517648_254337785_#1more': 71, 'cluster_254337786_31404743': 5, 'cluster_537912_578689': 61,
3050.0,'GS_cluster_14485274_151021003_2335517648_254337785_#1more': -4.0, 'cluster_254337786_31404743': -1.4017857, 'cluster_537912_578689': -4.0,'GS_cluster_14485274_151021003_2335517648_254337785_#1more': 19, 'cluster_254337786_31404743': 7, 'cluster_537912_578689': 12,'GS_cluster_14485274_151021003_2335517648_254337785_#1more': 71, 'cluster_254337786_31404743': 8, 'cluster_537912_578689': 61,
3075.0,'GS_cluster_14485274_151021003_2335517648_254337785_#1more': -4.0, 'cluster_254337786_31404743': -2.263393, 'cluster_537912_578689': -4.0,'GS_cluster_14485274_151021003_2335517648_254337785_#1more': 19, 'cluster_254337786_31404743': 8, 'cluster_537912_578689': 12,'GS_cluster_14485274_151021003_2335517648_254337785_#1more': 71, 'cluster_254337786_31404743': 10, 'cluster_537912_578689': 61,
3100.0,'GS_cluster_14485274_151021003_2335517648_254337785_#1more': -4.0, 'cluster_254337786_31404743': -3.5044644, 'cluster_537912_578689': -4.0,'GS_cluster_14485274_151021003_2335517648_254337785_#1more': 19, 'cluster_254337786_31404743': 9, 'cluster_537912_578689': 12,'GS_cluster_14485274_151021003_2335517648_254337785_#1more': 71, 'cluster_254337786_31404743': 12, 'cluster_537912_578689': 61,
3125.0,'GS_cluster_14485274_151021003_2335517648_254337785_#1more': -4.0, 'cluster_254337786_31404743': -4.0, 'cluster_537912_578689': -4.0,'GS_cluster_14485274_151021003_2335517648_254337785_#1more': 19, 'cluster_254337786_31404743': 11, 'cluster_537912_578689': 12,'GS_cluster_14485274_151021003_2335517648_254337785_#1more': 71, 'cluster_254337786_31404743': 12, 'cluster_537912_578689': 61,
3150.0,'GS_cluster_14485274_151021003_2335517648_254337785_#1more': -4.0, 'cluster_254337786_31404743': -4.0, 'cluster_537912_578689': -4.0,'GS_cluster_14485274_151021003_2335517648_254337785_#1more': 19, 'cluster_254337786_31404743': 13, 'cluster_537912_578689': 12,'GS_cluster_14485274_151021003_2335517648_254337785_#1more': 71, 'cluster_254337786_31404743': 15, 'cluster_537912_578689': 61,
3175.0,'GS_cluster_14485274_151021003_2335517648_254337785_#1more': -4.0, 'cluster_254337786_31404743': -4.0, 'cluster_537912_578689': -4.0,'GS_cluster_14485274_151021003_2335517648_254337785_#1more': 19, 'cluster_254337786_31404743': 15, 'cluster_537912_578689': 12,'GS_cluster_14485274_151021003_2335517648_254337785_#1more': 71, 'cluster_254337786_31404743': 21, 'cluster_537912_578689': 61,
3200.0,'GS_cluster_14485274_151021003_2335517648_254337785_#1more': -4.0, 'cluster_254337786_31404743': -4.0, 'cluster_537912_578689': -4.0,'GS_cluster_14485274_151021003_2335517648_254337785_#1more': 19, 'cluster_254337786_31404743': 16, 'cluster_537912_578689': 12,'GS_cluster_14485274_151021003_2335517648_254337785_#1more': 71, 'cluster_254337786_31404743': 24, 'cluster_537912_578689': 61,
3225.0,'GS_cluster_14485274_151021003_2335517648_254337785_#1more': -4.0, 'cluster_254337786_31404743': -4.0, 'cluster_537912_578689': -4.0,'GS_cluster_14485274_151021003_2335517648_254337785_#1more': 19, 'cluster_254337786_31404743': 7, 'cluster_537912_578689': 12,'GS_cluster_14485274_151021003_2335517648_254337785_#1more': 71, 'cluster_254337786_31404743': 14, 'cluster_537912_578689': 61,
3250.0,'GS_cluster_14485274_151021003_2335517648_254337785_#1more': -4.0, 'cluster_254337786_31404743': -3.5982144, 'cluster_537912_578689': -4.0,'GS_cluster_14485274_151021003_2335517648_254337785_#1more': 19, 'cluster_254337786_31404743': 11, 'cluster_537912_578689': 12,'GS_cluster_14485274_151021003_2335517648_254337785_#1more': 71, 'cluster_254337786_31404743': 12, 'cluster_537912_578689': 61,
3275.0,'GS_cluster_14485274_151021003_2335517648_254337785_#1more': -4.0, 'cluster_254337786_31404743': -4.0, 'cluster_537912_578689': -4.0,'GS_cluster_14485274_151021003_2335517648_254337785_#1more': 19, 'cluster_254337786_31404743': 11, 'cluster_537912_578689': 12,'GS_cluster_14485274_151021003_2335517648_254337785_#1more': 71, 'cluster_254337786_31404743': 14, 'cluster_537912_578689': 61,
3300.0,'GS_cluster_14485274_151021003_2335517648_254337785_#1more': -4.0, 'cluster_254337786_31404743': -4.0, 'cluster_537912_578689': -4.0,'GS_cluster_14485274_151021003_2335517648_254337785_#1more': 19, 'cluster_254337786_31404743': 11, 'cluster_537912_578689': 12,'GS_cluster_14485274_151021003_2335517648_254337785_#1more': 71, 'cluster_254337786_31404743': 14, 'cluster_537912_578689': 61,
3325.0,'GS_cluster_14485274_151021003_2335517648_254337785_#1more': -4.0, 'cluster_254337786_31404743': -4.0, 'cluster_537912_578689': -4.0,'GS_cluster_14485274_151021003_2335517648_254337785_#1more': 19, 'cluster_254337786_31404743': 11, 'cluster_537912_578689': 12,'GS_cluster_14485274_151021003_2335517648_254337785_#1more': 71, 'cluster_254337786_31404743': 15, 'cluster_537912_578689': 61,
3350.0,'GS_cluster_14485274_151021003_2335517648_254337785_#1more': -4.0, 'cluster_254337786_31404743': -4.0, 'cluster_537912_578689': -4.0,'GS_cluster_14485274_151021003_2335517648_254337785_#1more': 19, 'cluster_254337786_31404743': 11, 'cluster_537912_578689': 12,'GS_cluster_14485274_151021003_2335517648_254337785_#1more': 71, 'cluster_254337786_31404743': 16, 'cluster_537912_578689': 61,
3375.0,'GS_cluster_14485274_151021003_2335517648_254337785_#1more': -4.0, 'cluster_254337786_31404743': -4.0, 'cluster_537912_578689': -4.0,'GS_cluster_14485274_151021003_2335517648_254337785_#1more': 19, 'cluster_254337786_31404743': 13, 'cluster_537912_578689': 12,'GS_cluster_14485274_151021003_2335517648_254337785_#1more': 71, 'cluster_254337786_31404743': 18, 'cluster_537912_578689': 61,
3400.0,'GS_cluster_14485274_151021003_2335517648_254337785_#1more': -4.0, 'cluster_254337786_31404743': -3.4955356, 'cluster_537912_578689': -4.0,'GS_cluster_14485274_151021003_2335517648_254337785_#1more': 19, 'cluster_254337786_31404743': 4, 'cluster_537912_578689': 12,'GS_cluster_14485274_151021003_2335517648_254337785_#1more': 71, 'cluster_254337786_31404743': 13, 'cluster_537912_578689': 61,
3425.0,'GS_cluster_14485274_151021003_2335517648_254337785_#1more': -4.0, 'cluster_254337786_31404743': -4.0, 'cluster_537912_578689': -4.0,'GS_cluster_14485274_151021003_2335517648_254337785_#1more': 19, 'cluster_254337786_31404743': 5, 'cluster_537912_578689': 12,'GS_cluster_14485274_151021003_2335517648_254337785_#1more': 71, 'cluster_254337786_31404743': 15, 'cluster_537912_578689': 61,
3450.0,'GS_cluster_14485274_151021003_2335517648_254337785_#1more': -4.0, 'cluster_254337786_31404743': -4.0, 'cluster_537912_578689': -4.0,'GS_cluster_14485274_151021003_2335517648_254337785_#1more': 19, 'cluster_254337786_31404743': 6, 'cluster_537912_578689': 12,'GS_cluster_14485274_151021003_2335517648_254337785_#1more': 71, 'cluster_254337786_31404743': 17, 'cluster_537912_578689': 61,
3475.0,'GS_cluster_14485274_151021003_2335517648_254337785_#1more': -4.0, 'cluster_254337786_31404743': -4.0, 'cluster_537912_578689': -4.0,'GS_cluster_14485274_151021003_2335517648_254337785_#1more': 19, 'cluster_254337786_31404743': 6, 'cluster_537912_578689': 12,'GS_cluster_14485274_151021003_2335517648_254337785_#1more': 71, 'cluster_254337786_31404743': 17, 'cluster_537912_578689': 61,
3500.0,'GS_cluster_14485274_151021003_2335517648_254337785_#1more': -4.0, 'cluster_254337786_31404743': -4.0, 'cluster_537912_578689': -4.0,'GS_cluster_14485274_151021003_2335517648_254337785_#1more': 19, 'cluster_254337786_31404743': 8, 'cluster_537912_578689': 12,'GS_cluster_14485274_151021003_2335517648_254337785_#1more': 71, 'cluster_254337786_31404743': 24, 'cluster_537912_578689': 61,
3525.0,'GS_cluster_14485274_151021003_2335517648_254337785_#1more': -4.0, 'cluster_254337786_31404743': -4.0, 'cluster_537912_578689': -4.0,'GS_cluster_14485274_151021003_2335517648_254337785_#1more': 19, 'cluster_254337786_31404743': 10, 'cluster_537912_578689': 12,'GS_cluster_14485274_151021003_2335517648_254337785_#1more': 71, 'cluster_254337786_31404743': 27, 'cluster_537912_578689': 61,
3550.0,'GS_cluster_14485274_151021003_2335517648_254337785_#1more': -4.0, 'cluster_254337786_31404743': -4.0, 'cluster_537912_578689': -4.0,'GS_cluster_14485274_151021003_2335517648_254337785_#1more': 19, 'cluster_254337786_31404743': 12, 'cluster_537912_578689': 12,'GS_cluster_14485274_151021003_2335517648_254337785_#1more': 71, 'cluster_254337786_31404743': 30, 'cluster_537912_578689': 61,
3575.0,'GS_cluster_14485274_151021003_2335517648_254337785_#1more': -4.0, 'cluster_254337786_31404743': -4.0, 'cluster_537912_578689': -4.0,'GS_cluster_14485274_151021003_2335517648_254337785_#1more': 19, 'cluster_254337786_31404743': 13, 'cluster_537912_578689': 12,'GS_cluster_14485274_151021003_2335517648_254337785_#1more': 71, 'cluster_254337786_31404743': 31, 'cluster_537912_578689': 61,
3600.0,'GS_cluster_14485274_151021003_2335517648_254337785_#1more': -4.0, 'cluster_254337786_31404743': -4.0, 'cluster_537912_578689': -4.0,'GS_cluster_14485274_151021003_2335517648_254337785_#1more': 19, 'cluster_254337786_31404743': 8, 'cluster_537912_578689': 12,'GS_cluster_14485274_151021003_2335517648_254337785_#1more': 71, 'cluster_254337786_31404743': 23, 'cluster_537912_578689': 61,
