25.0,'GS_cluster_14485274_151021003_2335517648_254337785_#1more': -1, 'cluster_254337786_31404743': 0, 'cluster_537912_578689': -1,'GS_cluster_14485274_151021003_2335517648_254337785_#1more': 1, 'cluster_254337786_31404743': 0, 'cluster_537912_578689': 1,'GS_cluster_14485274_151021003_2335517648_254337785_#1more': 1, 'cluster_254337786_31404743': 0, 'cluster_537912_578689': 1,
50.0,'GS_cluster_14485274_151021003_2335517648_254337785_#1more': -3, 'cluster_254337786_31404743': -1, 'cluster_537912_578689': -3,'GS_cluster_14485274_151021003_2335517648_254337785_#1more': 1, 'cluster_254337786_31404743': 1, 'cluster_537912_578689': 1,'GS_cluster_14485274_151021003_2335517648_254337785_#1more': 3, 'cluster_254337786_31404743': 1, 'cluster_537912_578689': 3,
75.0,'GS_cluster_14485274_151021003_2335517648_254337785_#1more': -3, 'cluster_254337786_31404743': -3, 'cluster_537912_578689': -9,'GS_cluster_14485274_151021003_2335517648_254337785_#1more': 1, 'cluster_254337786_31404743': 1, 'cluster_537912_578689': 3,'GS_cluster_14485274_151021003_2335517648_254337785_#1more': 4, 'cluster_254337786_31404743': 3, 'cluster_537912_578689': 9,
100.0,'GS_cluster_14485274_151021003_2335517648_254337785_#1more': -4, 'cluster_254337786_31404743': -6, 'cluster_537912_578689': -7,'GS_cluster_14485274_151021003_2335517648_254337785_#1more': 2, 'cluster_254337786_31404743': 3, 'cluster_537912_578689': 3,'GS_cluster_14485274_151021003_2335517648_254337785_#1more': 6, 'cluster_254337786_31404743': 6, 'cluster_537912_578689': 7,
125.0,'GS_cluster_14485274_151021003_2335517648_254337785_#1more': -4, 'cluster_254337786_31404743': -4, 'cluster_537912_578689': -8,'GS_cluster_14485274_151021003_2335517648_254337785_#1more': 2, 'cluster_254337786_31404743': 2, 'cluster_537912_578689': 7,'GS_cluster_14485274_151021003_2335517648_254337785_#1more': 9, 'cluster_254337786_31404743': 6, 'cluster_537912_578689': 12,
150.0,'GS_cluster_14485274_151021003_2335517648_254337785_#1more': -4, 'cluster_254337786_31404743': -5, 'cluster_537912_578689': -8,'GS_cluster_14485274_151021003_2335517648_254337785_#1more': 3, 'cluster_254337786_31404743': 3, 'cluster_537912_578689': 3,'GS_cluster_14485274_151021003_2335517648_254337785_#1more': 9, 'cluster_254337786_31404743': 8, 'cluster_537912_578689': 10,
175.0,'GS_cluster_14485274_151021003_2335517648_254337785_#1more': -7, 'cluster_254337786_31404743': -4, 'cluster_537912_578689': -6,'GS_cluster_14485274_151021003_2335517648_254337785_#1more': 3, 'cluster_254337786_31404743': 2, 'cluster_537912_578689': 4,'GS_cluster_14485274_151021003_2335517648_254337785_#1more': 9, 'cluster_254337786_31404743': 5, 'cluster_537912_578689': 9,
200.0,'GS_cluster_14485274_151021003_2335517648_254337785_#1more': -6, 'cluster_254337786_31404743': -6, 'cluster_537912_578689': -5,'GS_cluster_14485274_151021003_2335517648_254337785_#1more': 3, 'cluster_254337786_31404743': 4, 'cluster_537912_578689': 5,'GS_cluster_14485274_151021003_2335517648_254337785_#1more': 10, 'cluster_254337786_31404743': 8, 'cluster_537912_578689': 9,
225.0,'GS_cluster_14485274_151021003_2335517648_254337785_#1more': -1, 'cluster_254337786_31404743': -8, 'cluster_537912_578689': -8,'GS_cluster_14485274_151021003_2335517648_254337785_#1more': 3, 'cluster_254337786_31404743': 3, 'cluster_537912_578689': 6,'GS_cluster_14485274_151021003_2335517648_254337785_#1more': 5, 'cluster_254337786_31404743': 8, 'cluster_537912_578689': 8,
250.0,'GS_cluster_14485274_151021003_2335517648_254337785_#1more': 1, 'cluster_254337786_31404743': -8, 'cluster_537912_578689': -4,'GS_cluster_14485274_151021003_2335517648_254337785_#1more': 2, 'cluster_254337786_31404743': 5, 'cluster_537912_578689': 3,'GS_cluster_14485274_151021003_2335517648_254337785_#1more': 6, 'cluster_254337786_31404743': 11, 'cluster_537912_578689': 6,
275.0,'GS_cluster_14485274_151021003_2335517648_254337785_#1more': -2, 'cluster_254337786_31404743': -7, 'cluster_537912_578689': -7,'GS_cluster_14485274_151021003_2335517648_254337785_#1more': 2, 'cluster_254337786_31404743': 6, 'cluster_537912_578689': 3,'GS_cluster_14485274_151021003_2335517648_254337785_#1more': 6, 'cluster_254337786_31404743': 9, 'cluster_537912_578689': 8,
300.0,'GS_cluster_14485274_151021003_2335517648_254337785_#1more': 5, 'cluster_254337786_31404743': -10, 'cluster_537912_578689': -8,'GS_cluster_14485274_151021003_2335517648_254337785_#1more': 1, 'cluster_254337786_31404743': 2, 'cluster_537912_578689': 3,'GS_cluster_14485274_151021003_2335517648_254337785_#1more': 2, 'cluster_254337786_31404743': 10, 'cluster_537912_578689': 9,
325.0,'GS_cluster_14485274_151021003_2335517648_254337785_#1more': -4, 'cluster_254337786_31404743': -8, 'cluster_537912_578689': -9,'GS_cluster_14485274_151021003_2335517648_254337785_#1more': 4, 'cluster_254337786_31404743': 3, 'cluster_537912_578689': 3,'GS_cluster_14485274_151021003_2335517648_254337785_#1more': 7, 'cluster_254337786_31404743': 9, 'cluster_537912_578689': 9,
350.0,'GS_cluster_14485274_151021003_2335517648_254337785_#1more': 1, 'cluster_254337786_31404743': -3, 'cluster_537912_578689': -10,'GS_cluster_14485274_151021003_2335517648_254337785_#1more': 2, 'cluster_254337786_31404743': 3, 'cluster_537912_578689': 5,'GS_cluster_14485274_151021003_2335517648_254337785_#1more': 4, 'cluster_254337786_31404743': 6, 'cluster_537912_578689': 10,
375.0,'GS_cluster_14485274_151021003_2335517648_254337785_#1more': 6, 'cluster_254337786_31404743': -5, 'cluster_537912_578689': -11,'GS_cluster_14485274_151021003_2335517648_254337785_#1more': 1, 'cluster_254337786_31404743': 4, 'cluster_537912_578689': 4,'GS_cluster_14485274_151021003_2335517648_254337785_#1more': 3, 'cluster_254337786_31404743': 6, 'cluster_537912_578689': 12,
400.0,'GS_cluster_14485274_151021003_2335517648_254337785_#1more': 1, 'cluster_254337786_31404743': -3, 'cluster_537912_578689': -8,'GS_cluster_14485274_151021003_2335517648_254337785_#1more': 1, 'cluster_254337786_31404743': 1, 'cluster_537912_578689': 5,'GS_cluster_14485274_151021003_2335517648_254337785_#1more': 3, 'cluster_254337786_31404743': 4, 'cluster_537912_578689': 9,
425.0,'GS_cluster_14485274_151021003_2335517648_254337785_#1more': -4, 'cluster_254337786_31404743': -1, 'cluster_537912_578689': -4,'GS_cluster_14485274_151021003_2335517648_254337785_#1more': 3, 'cluster_254337786_31404743': 1, 'cluster_537912_578689': 3,'GS_cluster_14485274_151021003_2335517648_254337785_#1more': 8, 'cluster_254337786_31404743': 2, 'cluster_537912_578689': 7,
450.0,'GS_cluster_14485274_151021003_2335517648_254337785_#1more': -4, 'cluster_254337786_31404743': -5, 'cluster_537912_578689': -1,'GS_cluster_14485274_151021003_2335517648_254337785_#1more': 3, 'cluster_254337786_31404743': 4, 'cluster_537912_578689': 3,'GS_cluster_14485274_151021003_2335517648_254337785_#1more': 9, 'cluster_254337786_31404743': 7, 'cluster_537912_578689': 5,
475.0,'GS_cluster_14485274_151021003_2335517648_254337785_#1more': -4, 'cluster_254337786_31404743': -3, 'cluster_537912_578689': -7,'GS_cluster_14485274_151021003_2335517648_254337785_#1more': 3, 'cluster_254337786_31404743': 2, 'cluster_537912_578689': 4,'GS_cluster_14485274_151021003_2335517648_254337785_#1more': 4, 'cluster_254337786_31404743': 3, 'cluster_537912_578689': 7,
500.0,'GS_cluster_14485274_151021003_2335517648_254337785_#1more': 2, 'cluster_254337786_31404743': -5, 'cluster_537912_578689': -6,'GS_cluster_14485274_151021003_2335517648_254337785_#1more': 2, 'cluster_254337786_31404743': 2, 'cluster_537912_578689': 2,'GS_cluster_14485274_151021003_2335517648_254337785_#1more': 6, 'cluster_254337786_31404743': 7, 'cluster_537912_578689': 7,
525.0,'GS_cluster_14485274_151021003_2335517648_254337785_#1more': -4, 'cluster_254337786_31404743': -4, 'cluster_537912_578689': -7,'GS_cluster_14485274_151021003_2335517648_254337785_#1more': 3, 'cluster_254337786_31404743': 4, 'cluster_537912_578689': 4,'GS_cluster_14485274_151021003_2335517648_254337785_#1more': 8, 'cluster_254337786_31404743': 5, 'cluster_537912_578689': 8,
550.0,'GS_cluster_14485274_151021003_2335517648_254337785_#1more': -1, 'cluster_254337786_31404743': -2, 'cluster_537912_578689': -6,'GS_cluster_14485274_151021003_2335517648_254337785_#1more': 1, 'cluster_254337786_31404743': 1, 'cluster_537912_578689': 3,'GS_cluster_14485274_151021003_2335517648_254337785_#1more': 5, 'cluster_254337786_31404743': 4, 'cluster_537912_578689': 7,
575.0,'GS_cluster_14485274_151021003_2335517648_254337785_#1more': -3, 'cluster_254337786_31404743': -5, 'cluster_537912_578689': -7,'GS_cluster_14485274_151021003_2335517648_254337785_#1more': 2, 'cluster_254337786_31404743': 3, 'cluster_537912_578689': 3,'GS_cluster_14485274_151021003_2335517648_254337785_#1more': 7, 'cluster_254337786_31404743': 6, 'cluster_537912_578689': 8,
600.0,'GS_cluster_14485274_151021003_2335517648_254337785_#1more': -2, 'cluster_254337786_31404743': -5, 'cluster_537912_578689': -6,'GS_cluster_14485274_151021003_2335517648_254337785_#1more': 3, 'cluster_254337786_31404743': 4, 'cluster_537912_578689': 3,'GS_cluster_14485274_151021003_2335517648_254337785_#1more': 8, 'cluster_254337786_31404743': 6, 'cluster_537912_578689': 7,
625.0,'GS_cluster_14485274_151021003_2335517648_254337785_#1more': -1, 'cluster_254337786_31404743': -7, 'cluster_537912_578689': -11,'GS_cluster_14485274_151021003_2335517648_254337785_#1more': 3, 'cluster_254337786_31404743': 2, 'cluster_537912_578689': 3,'GS_cluster_14485274_151021003_2335517648_254337785_#1more': 10, 'cluster_254337786_31404743': 8, 'cluster_537912_578689': 13,
650.0,'GS_cluster_14485274_151021003_2335517648_254337785_#1more': -10, 'cluster_254337786_31404743': -4, 'cluster_537912_578689': -4,'GS_cluster_14485274_151021003_2335517648_254337785_#1more': 3, 'cluster_254337786_31404743': 3, 'cluster_537912_578689': 4,'GS_cluster_14485274_151021003_2335517648_254337785_#1more': 11, 'cluster_254337786_31404743': 6, 'cluster_537912_578689': 6,
675.0,'GS_cluster_14485274_151021003_2335517648_254337785_#1more': -11, 'cluster_254337786_31404743': 0, 'cluster_537912_578689': 1,'GS_cluster_14485274_151021003_2335517648_254337785_#1more': 4, 'cluster_254337786_31404743': 2, 'cluster_537912_578689': 2,'GS_cluster_14485274_151021003_2335517648_254337785_#1more': 14, 'cluster_254337786_31404743': 3, 'cluster_537912_578689': 4,
700.0,'GS_cluster_14485274_151021003_2335517648_254337785_#1more': -6, 'cluster_254337786_31404743': -5, 'cluster_537912_578689': -2,'GS_cluster_14485274_151021003_2335517648_254337785_#1more': 4, 'cluster_254337786_31404743': 4, 'cluster_537912_578689': 2,'GS_cluster_14485274_151021003_2335517648_254337785_#1more': 9, 'cluster_254337786_31404743': 6, 'cluster_537912_578689': 3,
725.0,'GS_cluster_14485274_151021003_2335517648_254337785_#1more': -5, 'cluster_254337786_31404743': -6, 'cluster_537912_578689': -4,'GS_cluster_14485274_151021003_2335517648_254337785_#1more': 4, 'cluster_254337786_31404743': 3, 'cluster_537912_578689': 2,'GS_cluster_14485274_151021003_2335517648_254337785_#1more': 11, 'cluster_254337786_31404743': 8, 'cluster_537912_578689': 5,
750.0,'GS_cluster_14485274_151021003_2335517648_254337785_#1more': -11, 'cluster_254337786_31404743': -7, 'cluster_537912_578689': -3,'GS_cluster_14485274_151021003_2335517648_254337785_#1more': 5, 'cluster_254337786_31404743': 4, 'cluster_537912_578689': 1,'GS_cluster_14485274_151021003_2335517648_254337785_#1more': 14, 'cluster_254337786_31404743': 9, 'cluster_537912_578689': 4,
775.0,'GS_cluster_14485274_151021003_2335517648_254337785_#1more': -6, 'cluster_254337786_31404743': -5, 'cluster_537912_578689': -4,'GS_cluster_14485274_151021003_2335517648_254337785_#1more': 5, 'cluster_254337786_31404743': 2, 'cluster_537912_578689': 2,'GS_cluster_14485274_151021003_2335517648_254337785_#1more': 9, 'cluster_254337786_31404743': 7, 'cluster_537912_578689': 5,
800.0,'GS_cluster_14485274_151021003_2335517648_254337785_#1more': -9, 'cluster_254337786_31404743': 1, 'cluster_537912_578689': -4,'GS_cluster_14485274_151021003_2335517648_254337785_#1more': 2, 'cluster_254337786_31404743': 2, 'cluster_537912_578689': 3,'GS_cluster_14485274_151021003_2335517648_254337785_#1more': 12, 'cluster_254337786_31404743': 5, 'cluster_537912_578689': 9,
825.0,'GS_cluster_14485274_151021003_2335517648_254337785_#1more': 0, 'cluster_254337786_31404743': -3, 'cluster_537912_578689': -10,'GS_cluster_14485274_151021003_2335517648_254337785_#1more': 3, 'cluster_254337786_31404743': 3, 'cluster_537912_578689': 4,'GS_cluster_14485274_151021003_2335517648_254337785_#1more': 7, 'cluster_254337786_31404743': 6, 'cluster_537912_578689': 12,
850.0,'GS_cluster_14485274_151021003_2335517648_254337785_#1more': 4, 'cluster_254337786_31404743': -11, 'cluster_537912_578689': -10,'GS_cluster_14485274_151021003_2335517648_254337785_#1more': 1, 'cluster_254337786_31404743': 4, 'cluster_537912_578689': 6,'GS_cluster_14485274_151021003_2335517648_254337785_#1more': 3, 'cluster_254337786_31404743': 11, 'cluster_537912_578689': 12,
875.0,'GS_cluster_14485274_151021003_2335517648_254337785_#1more': 5, 'cluster_254337786_31404743': -12, 'cluster_537912_578689': -7,'GS_cluster_14485274_151021003_2335517648_254337785_#1more': 2, 'cluster_254337786_31404743': 7, 'cluster_537912_578689': 5,'GS_cluster_14485274_151021003_2335517648_254337785_#1more': 4, 'cluster_254337786_31404743': 12, 'cluster_537912_578689': 7,
900.0,'GS_cluster_14485274_151021003_2335517648_254337785_#1more': 2, 'cluster_254337786_31404743': -10, 'cluster_537912_578689': -3,'GS_cluster_14485274_151021003_2335517648_254337785_#1more': 5, 'cluster_254337786_31404743': 2, 'cluster_537912_578689': 5,'GS_cluster_14485274_151021003_2335517648_254337785_#1more': 9, 'cluster_254337786_31404743': 10, 'cluster_537912_578689': 5,
925.0,'GS_cluster_14485274_151021003_2335517648_254337785_#1more': -6, 'cluster_254337786_31404743': -2, 'cluster_537912_578689': 0,'GS_cluster_14485274_151021003_2335517648_254337785_#1more': 2, 'cluster_254337786_31404743': 3, 'cluster_537912_578689': 2,'GS_cluster_14485274_151021003_2335517648_254337785_#1more': 10, 'cluster_254337786_31404743': 7, 'cluster_537912_578689': 3,
950.0,'GS_cluster_14485274_151021003_2335517648_254337785_#1more': -8, 'cluster_254337786_31404743': -1, 'cluster_537912_578689': -5,'GS_cluster_14485274_151021003_2335517648_254337785_#1more': 4, 'cluster_254337786_31404743': 3, 'cluster_537912_578689': 3,'GS_cluster_14485274_151021003_2335517648_254337785_#1more': 10, 'cluster_254337786_31404743': 5, 'cluster_537912_578689': 7,
975.0,'GS_cluster_14485274_151021003_2335517648_254337785_#1more': -3, 'cluster_254337786_31404743': -3, 'cluster_537912_578689': -10,'GS_cluster_14485274_151021003_2335517648_254337785_#1more': 2, 'cluster_254337786_31404743': 5, 'cluster_537912_578689': 6,'GS_cluster_14485274_151021003_2335517648_254337785_#1more': 10, 'cluster_254337786_31404743': 7, 'cluster_537912_578689': 14,
1000.0,'GS_cluster_14485274_151021003_2335517648_254337785_#1more': -3, 'cluster_254337786_31404743': -3, 'cluster_537912_578689': -10,'GS_cluster_14485274_151021003_2335517648_254337785_#1more': 5, 'cluster_254337786_31404743': 1, 'cluster_537912_578689': 6,'GS_cluster_14485274_151021003_2335517648_254337785_#1more': 8, 'cluster_254337786_31404743': 3, 'cluster_537912_578689': 10,
1025.0,'GS_cluster_14485274_151021003_2335517648_254337785_#1more': 3, 'cluster_254337786_31404743': -5, 'cluster_537912_578689': -7,'GS_cluster_14485274_151021003_2335517648_254337785_#1more': 1, 'cluster_254337786_31404743': 2, 'cluster_537912_578689': 5,'GS_cluster_14485274_151021003_2335517648_254337785_#1more': 4, 'cluster_254337786_31404743': 6, 'cluster_537912_578689': 8,
1050.0,'GS_cluster_14485274_151021003_2335517648_254337785_#1more': 0, 'cluster_254337786_31404743': -7, 'cluster_537912_578689': -9,'GS_cluster_14485274_151021003_2335517648_254337785_#1more': 2, 'cluster_254337786_31404743': 2, 'cluster_537912_578689': 5,'GS_cluster_14485274_151021003_2335517648_254337785_#1more': 6, 'cluster_254337786_31404743': 9, 'cluster_537912_578689': 10,
1075.0,'GS_cluster_14485274_151021003_2335517648_254337785_#1more': 1, 'cluster_254337786_31404743': -9, 'cluster_537912_578689': -6,'GS_cluster_14485274_151021003_2335517648_254337785_#1more': 1, 'cluster_254337786_31404743': 2, 'cluster_537912_578689': 3,'GS_cluster_14485274_151021003_2335517648_254337785_#1more': 4, 'cluster_254337786_31404743': 10, 'cluster_537912_578689': 7,
1100.0,'GS_cluster_14485274_151021003_2335517648_254337785_#1more': -4, 'cluster_254337786_31404743': -9, 'cluster_537912_578689': -6,'GS_cluster_14485274_151021003_2335517648_254337785_#1more': 2, 'cluster_254337786_31404743': 4, 'cluster_537912_578689': 5,'GS_cluster_14485274_151021003_2335517648_254337785_#1more': 5, 'cluster_254337786_31404743': 9, 'cluster_537912_578689': 6,
1125.0,'GS_cluster_14485274_151021003_2335517648_254337785_#1more': -1, 'cluster_254337786_31404743': -7, 'cluster_537912_578689': -6,'GS_cluster_14485274_151021003_2335517648_254337785_#1more': 3, 'cluster_254337786_31404743': 2, 'cluster_537912_578689': 3,'GS_cluster_14485274_151021003_2335517648_254337785_#1more': 9, 'cluster_254337786_31404743': 9, 'cluster_537912_578689': 7,
1150.0,'GS_cluster_14485274_151021003_2335517648_254337785_#1more': -12, 'cluster_254337786_31404743': -1, 'cluster_537912_578689': 0,'GS_cluster_14485274_151021003_2335517648_254337785_#1more': 4, 'cluster_254337786_31404743': 2, 'cluster_537912_578689': 3,'GS_cluster_14485274_151021003_2335517648_254337785_#1more': 14, 'cluster_254337786_31404743': 7, 'cluster_537912_578689': 5,
1175.0,'GS_cluster_14485274_151021003_2335517648_254337785_#1more': -5, 'cluster_254337786_31404743': -3, 'cluster_537912_578689': -4,'GS_cluster_14485274_151021003_2335517648_254337785_#1more': 4, 'cluster_254337786_31404743': 4, 'cluster_537912_578689': 3,'GS_cluster_14485274_151021003_2335517648_254337785_#1more': 13, 'cluster_254337786_31404743': 7, 'cluster_537912_578689': 7,
1200.0,'GS_cluster_14485274_151021003_2335517648_254337785_#1more': -3, 'cluster_254337786_31404743': -2, 'cluster_537912_578689': -9,'GS_cluster_14485274_151021003_2335517648_254337785_#1more': 4, 'cluster_254337786_31404743': 3, 'cluster_537912_578689': 3,'GS_cluster_14485274_151021003_2335517648_254337785_#1more': 9, 'cluster_254337786_31404743': 4, 'cluster_537912_578689': 10,
1225.0,'GS_cluster_14485274_151021003_2335517648_254337785_#1more': -10, 'cluster_254337786_31404743': 0, 'cluster_537912_578689': -4,'GS_cluster_14485274_151021003_2335517648_254337785_#1more': 5, 'cluster_254337786_31404743': 1, 'cluster_537912_578689': 3,'GS_cluster_14485274_151021003_2335517648_254337785_#1more': 11, 'cluster_254337786_31404743': 1, 'cluster_537912_578689': 4,
1250.0,'GS_cluster_14485274_151021003_2335517648_254337785_#1more': -7, 'cluster_254337786_31404743': 0, 'cluster_537912_578689': -4,'GS_cluster_14485274_151021003_2335517648_254337785_#1more': 5, 'cluster_254337786_31404743': 2, 'cluster_537912_578689': 3,'GS_cluster_14485274_151021003_2335517648_254337785_#1more': 12, 'cluster_254337786_31404743': 2, 'cluster_537912_578689': 8,
1275.0,'GS_cluster_14485274_151021003_2335517648_254337785_#1more': -7, 'cluster_254337786_31404743': -2, 'cluster_537912_578689': -8,'GS_cluster_14485274_151021003_2335517648_254337785_#1more': 5, 'cluster_254337786_31404743': 2, 'cluster_537912_578689': 4,'GS_cluster_14485274_151021003_2335517648_254337785_#1more': 9, 'cluster_254337786_31404743': 4, 'cluster_537912_578689': 8,
1300.0,'GS_cluster_14485274_151021003_2335517648_254337785_#1more': -5, 'cluster_254337786_31404743': -4, 'cluster_537912_578689': -9,'GS_cluster_14485274_151021003_2335517648_254337785_#1more': 2, 'cluster_254337786_31404743': 4, 'cluster_537912_578689': 5,'GS_cluster_14485274_151021003_2335517648_254337785_#1more': 7, 'cluster_254337786_31404743': 7, 'cluster_537912_578689': 9,
1325.0,'GS_cluster_14485274_151021003_2335517648_254337785_#1more': -2, 'cluster_254337786_31404743': -10, 'cluster_537912_578689': -11,'GS_cluster_14485274_151021003_2335517648_254337785_#1more': 4, 'cluster_254337786_31404743': 5, 'cluster_537912_578689': 5,'GS_cluster_14485274_151021003_2335517648_254337785_#1more': 12, 'cluster_254337786_31404743': 12, 'cluster_537912_578689': 12,
1350.0,'GS_cluster_14485274_151021003_2335517648_254337785_#1more': -8, 'cluster_254337786_31404743': -7, 'cluster_537912_578689': -6,'GS_cluster_14485274_151021003_2335517648_254337785_#1more': 4, 'cluster_254337786_31404743': 5, 'cluster_537912_578689': 8,'GS_cluster_14485274_151021003_2335517648_254337785_#1more': 13, 'cluster_254337786_31404743': 9, 'cluster_537912_578689': 13,
1375.0,'GS_cluster_14485274_151021003_2335517648_254337785_#1more': 1, 'cluster_254337786_31404743': -6, 'cluster_537912_578689': -6,'GS_cluster_14485274_151021003_2335517648_254337785_#1more': 3, 'cluster_254337786_31404743': 3, 'cluster_537912_578689': 5,'GS_cluster_14485274_151021003_2335517648_254337785_#1more': 10, 'cluster_254337786_31404743': 8, 'cluster_537912_578689': 10,
1400.0,'GS_cluster_14485274_151021003_2335517648_254337785_#1more': 1, 'cluster_254337786_31404743': -6, 'cluster_537912_578689': -6,'GS_cluster_14485274_151021003_2335517648_254337785_#1more': 3, 'cluster_254337786_31404743': 3, 'cluster_537912_578689': 5,'GS_cluster_14485274_151021003_2335517648_254337785_#1more': 6, 'cluster_254337786_31404743': 7, 'cluster_537912_578689': 7,
1425.0,'GS_cluster_14485274_151021003_2335517648_254337785_#1more': -4, 'cluster_254337786_31404743': -7, 'cluster_537912_578689': -1,'GS_cluster_14485274_151021003_2335517648_254337785_#1more': 3, 'cluster_254337786_31404743': 2, 'cluster_537912_578689': 2,'GS_cluster_14485274_151021003_2335517648_254337785_#1more': 9, 'cluster_254337786_31404743': 9, 'cluster_537912_578689': 4,
1450.0,'GS_cluster_14485274_151021003_2335517648_254337785_#1more': -3, 'cluster_254337786_31404743': -5, 'cluster_537912_578689': -6,'GS_cluster_14485274_151021003_2335517648_254337785_#1more': 3, 'cluster_254337786_31404743': 3, 'cluster_537912_578689': 3,'GS_cluster_14485274_151021003_2335517648_254337785_#1more': 6, 'cluster_254337786_31404743': 6, 'cluster_537912_578689': 6,
1475.0,'GS_cluster_14485274_151021003_2335517648_254337785_#1more': 4, 'cluster_254337786_31404743': -2, 'cluster_537912_578689': -12,'GS_cluster_14485274_151021003_2335517648_254337785_#1more': 2, 'cluster_254337786_31404743': 3, 'cluster_537912_578689': 4,'GS_cluster_14485274_151021003_2335517648_254337785_#1more': 5, 'cluster_254337786_31404743': 5, 'cluster_537912_578689': 13,
1500.0,'GS_cluster_14485274_151021003_2335517648_254337785_#1more': 1, 'cluster_254337786_31404743': -6, 'cluster_537912_578689': -11,'GS_cluster_14485274_151021003_2335517648_254337785_#1more': 2, 'cluster_254337786_31404743': 6, 'cluster_537912_578689': 4,'GS_cluster_14485274_151021003_2335517648_254337785_#1more': 4, 'cluster_254337786_31404743': 8, 'cluster_537912_578689': 11,
1525.0,'GS_cluster_14485274_151021003_2335517648_254337785_#1more': 7, 'cluster_254337786_31404743': -9, 'cluster_537912_578689': -9,'GS_cluster_14485274_151021003_2335517648_254337785_#1more': 2, 'cluster_254337786_31404743': 4, 'cluster_537912_578689': 3,'GS_cluster_14485274_151021003_2335517648_254337785_#1more': 2, 'cluster_254337786_31404743': 11, 'cluster_537912_578689': 9,
1550.0,'GS_cluster_14485274_151021003_2335517648_254337785_#1more': -2, 'cluster_254337786_31404743': -9, 'cluster_537912_578689': -9,'GS_cluster_14485274_151021003_2335517648_254337785_#1more': 3, 'cluster_254337786_31404743': 4, 'cluster_537912_578689': 5,'GS_cluster_14485274_151021003_2335517648_254337785_#1more': 6, 'cluster_254337786_31404743': 10, 'cluster_537912_578689': 9,
1575.0,'GS_cluster_14485274_151021003_2335517648_254337785_#1more': -4, 'cluster_254337786_31404743': -4, 'cluster_537912_578689': -7,'GS_cluster_14485274_151021003_2335517648_254337785_#1more': 2, 'cluster_254337786_31404743': 5, 'cluster_537912_578689': 4,'GS_cluster_14485274_151021003_2335517648_254337785_#1more': 7, 'cluster_254337786_31404743': 9, 'cluster_537912_578689': 8,
1600.0,'GS_cluster_14485274_151021003_2335517648_254337785_#1more': 4, 'cluster_254337786_31404743': -6, 'cluster_537912_578689': -8,'GS_cluster_14485274_151021003_2335517648_254337785_#1more': 1, 'cluster_254337786_31404743': 2, 'cluster_537912_578689': 4,'GS_cluster_14485274_151021003_2335517648_254337785_#1more': 4, 'cluster_254337786_31404743': 7, 'cluster_537912_578689': 9,
1625.0,'GS_cluster_14485274_151021003_2335517648_254337785_#1more': -1, 'cluster_254337786_31404743': -4, 'cluster_537912_578689': -5,'GS_cluster_14485274_151021003_2335517648_254337785_#1more': 2, 'cluster_254337786_31404743': 2, 'cluster_537912_578689': 5,'GS_cluster_14485274_151021003_2335517648_254337785_#1more': 8, 'cluster_254337786_31404743': 6, 'cluster_537912_578689': 9,
1650.0,'GS_cluster_14485274_151021003_2335517648_254337785_#1more': -3, 'cluster_254337786_31404743': -3, 'cluster_537912_578689': -6,'GS_cluster_14485274_151021003_2335517648_254337785_#1more': 1, 'cluster_254337786_31404743': 2, 'cluster_537912_578689': 3,'GS_cluster_14485274_151021003_2335517648_254337785_#1more': 6, 'cluster_254337786_31404743': 4, 'cluster_537912_578689': 7,
1675.0,'GS_cluster_14485274_151021003_2335517648_254337785_#1more': -2, 'cluster_254337786_31404743': -3, 'cluster_537912_578689': -8,'GS_cluster_14485274_151021003_2335517648_254337785_#1more': 1, 'cluster_254337786_31404743': 2, 'cluster_537912_578689': 4,'GS_cluster_14485274_151021003_2335517648_254337785_#1more': 3, 'cluster_254337786_31404743': 4, 'cluster_537912_578689': 8,
1700.0,'GS_cluster_14485274_151021003_2335517648_254337785_#1more': -4, 'cluster_254337786_31404743': -4, 'cluster_537912_578689': -4,'GS_cluster_14485274_151021003_2335517648_254337785_#1more': 2, 'cluster_254337786_31404743': 3, 'cluster_537912_578689': 3,'GS_cluster_14485274_151021003_2335517648_254337785_#1more': 9, 'cluster_254337786_31404743': 10, 'cluster_537912_578689': 7,
1725.0,'GS_cluster_14485274_151021003_2335517648_254337785_#1more': -5, 'cluster_254337786_31404743': -8, 'cluster_537912_578689': -5,'GS_cluster_14485274_151021003_2335517648_254337785_#1more': 3, 'cluster_254337786_31404743': 5, 'cluster_537912_578689': 4,'GS_cluster_14485274_151021003_2335517648_254337785_#1more': 7, 'cluster_254337786_31404743': 9, 'cluster_537912_578689': 7,
1750.0,'GS_cluster_14485274_151021003_2335517648_254337785_#1more': 3, 'cluster_254337786_31404743': -6, 'cluster_537912_578689': -7,'GS_cluster_14485274_151021003_2335517648_254337785_#1more': 2, 'cluster_254337786_31404743': 3, 'cluster_537912_578689': 2,'GS_cluster_14485274_151021003_2335517648_254337785_#1more': 8, 'cluster_254337786_31404743': 10, 'cluster_537912_578689': 9,
1775.0,'GS_cluster_14485274_151021003_2335517648_254337785_#1more': -5, 'cluster_254337786_31404743': -3, 'cluster_537912_578689': -3,'GS_cluster_14485274_151021003_2335517648_254337785_#1more': 2, 'cluster_254337786_31404743': 3, 'cluster_537912_578689': 2,'GS_cluster_14485274_151021003_2335517648_254337785_#1more': 10, 'cluster_254337786_31404743': 6, 'cluster_537912_578689': 7,
1800.0,'GS_cluster_14485274_151021003_2335517648_254337785_#1more': -2, 'cluster_254337786_31404743': -5, 'cluster_537912_578689': -6,'GS_cluster_14485274_151021003_2335517648_254337785_#1more': 4, 'cluster_254337786_31404743': 2, 'cluster_537912_578689': 3,'GS_cluster_14485274_151021003_2335517648_254337785_#1more': 6, 'cluster_254337786_31404743': 5, 'cluster_537912_578689': 6,
1825.0,'GS_cluster_14485274_151021003_2335517648_254337785_#1more': 0, 'cluster_254337786_31404743': -9, 'cluster_537912_578689': -11,'GS_cluster_14485274_151021003_2335517648_254337785_#1more': 5, 'cluster_254337786_31404743': 4, 'cluster_537912_578689': 5,'GS_cluster_14485274_151021003_2335517648_254337785_#1more': 8, 'cluster_254337786_31404743': 9, 'cluster_537912_578689': 13,
1850.0,'GS_cluster_14485274_151021003_2335517648_254337785_#1more': -7, 'cluster_254337786_31404743': -8, 'cluster_537912_578689': -5,'GS_cluster_14485274_151021003_2335517648_254337785_#1more': 7, 'cluster_254337786_31404743': 3, 'cluster_537912_578689': 5,'GS_cluster_14485274_151021003_2335517648_254337785_#1more': 11, 'cluster_254337786_31404743': 10, 'cluster_537912_578689': 6,
1875.0,'GS_cluster_14485274_151021003_2335517648_254337785_#1more': -7, 'cluster_254337786_31404743': -9, 'cluster_537912_578689': -3,'GS_cluster_14485274_151021003_2335517648_254337785_#1more': 7, 'cluster_254337786_31404743': 5, 'cluster_537912_578689': 2,'GS_cluster_14485274_151021003_2335517648_254337785_#1more': 8, 'cluster_254337786_31404743': 9, 'cluster_537912_578689': 3,
1900.0,'GS_cluster_14485274_151021003_2335517648_254337785_#1more': -5, 'cluster_254337786_31404743': -5, 'cluster_537912_578689': -3,'GS_cluster_14485274_151021003_2335517648_254337785_#1more': 2, 'cluster_254337786_31404743': 6, 'cluster_537912_578689': 5,'GS_cluster_14485274_151021003_2335517648_254337785_#1more': 10, 'cluster_254337786_31404743': 8, 'cluster_537912_578689': 9,
1925.0,'GS_cluster_14485274_151021003_2335517648_254337785_#1more': -1, 'cluster_254337786_31404743': -1, 'cluster_537912_578689': -8,'GS_cluster_14485274_151021003_2335517648_254337785_#1more': 2, 'cluster_254337786_31404743': 2, 'cluster_537912_578689': 5,'GS_cluster_14485274_151021003_2335517648_254337785_#1more': 5, 'cluster_254337786_31404743': 3, 'cluster_537912_578689': 8,
1950.0,'GS_cluster_14485274_151021003_2335517648_254337785_#1more': 2, 'cluster_254337786_31404743': -3, 'cluster_537912_578689': -7,'GS_cluster_14485274_151021003_2335517648_254337785_#1more': 2, 'cluster_254337786_31404743': 2, 'cluster_537912_578689': 3,'GS_cluster_14485274_151021003_2335517648_254337785_#1more': 6, 'cluster_254337786_31404743': 6, 'cluster_537912_578689': 8,
1975.0,'GS_cluster_14485274_151021003_2335517648_254337785_#1more': -10, 'cluster_254337786_31404743': 3, 'cluster_537912_578689': -3,'GS_cluster_14485274_151021003_2335517648_254337785_#1more': 4, 'cluster_254337786_31404743': 2, 'cluster_537912_578689': 3,'GS_cluster_14485274_151021003_2335517648_254337785_#1more': 13, 'cluster_254337786_31404743': 4, 'cluster_537912_578689': 7,
2000.0,'GS_cluster_14485274_151021003_2335517648_254337785_#1more': -3, 'cluster_254337786_31404743': -7, 'cluster_537912_578689': -9,'GS_cluster_14485274_151021003_2335517648_254337785_#1more': 1, 'cluster_254337786_31404743': 3, 'cluster_537912_578689': 4,'GS_cluster_14485274_151021003_2335517648_254337785_#1more': 3, 'cluster_254337786_31404743': 7, 'cluster_537912_578689': 9,
2025.0,'GS_cluster_14485274_151021003_2335517648_254337785_#1more': -2, 'cluster_254337786_31404743': -6, 'cluster_537912_578689': -10,'GS_cluster_14485274_151021003_2335517648_254337785_#1more': 2, 'cluster_254337786_31404743': 5, 'cluster_537912_578689': 4,'GS_cluster_14485274_151021003_2335517648_254337785_#1more': 4, 'cluster_254337786_31404743': 6, 'cluster_537912_578689': 10,
2050.0,'GS_cluster_14485274_151021003_2335517648_254337785_#1more': -6, 'cluster_254337786_31404743': -2, 'cluster_537912_578689': -4,'GS_cluster_14485274_151021003_2335517648_254337785_#1more': 3, 'cluster_254337786_31404743': 4, 'cluster_537912_578689': 3,'GS_cluster_14485274_151021003_2335517648_254337785_#1more': 8, 'cluster_254337786_31404743': 4, 'cluster_537912_578689': 6,
2075.0,'GS_cluster_14485274_151021003_2335517648_254337785_#1more': -2, 'cluster_254337786_31404743': -2, 'cluster_537912_578689': -7,'GS_cluster_14485274_151021003_2335517648_254337785_#1more': 3, 'cluster_254337786_31404743': 1, 'cluster_537912_578689': 3,'GS_cluster_14485274_151021003_2335517648_254337785_#1more': 4, 'cluster_254337786_31404743': 2, 'cluster_537912_578689': 7,
2100.0,'GS_cluster_14485274_151021003_2335517648_254337785_#1more': -4, 'cluster_254337786_31404743': 4, 'cluster_537912_578689': -10,'GS_cluster_14485274_151021003_2335517648_254337785_#1more': 4, 'cluster_254337786_31404743': 1, 'cluster_537912_578689': 6,'GS_cluster_14485274_151021003_2335517648_254337785_#1more': 6, 'cluster_254337786_31404743': 2, 'cluster_537912_578689': 10,
2125.0,'GS_cluster_14485274_151021003_2335517648_254337785_#1more': 6, 'cluster_254337786_31404743': -7, 'cluster_537912_578689': -11,'GS_cluster_14485274_151021003_2335517648_254337785_#1more': 1, 'cluster_254337786_31404743': 2, 'cluster_537912_578689': 4,'GS_cluster_14485274_151021003_2335517648_254337785_#1more': 3, 'cluster_254337786_31404743': 7, 'cluster_537912_578689': 11,
2150.0,'GS_cluster_14485274_151021003_2335517648_254337785_#1more': 3, 'cluster_254337786_31404743': -8, 'cluster_537912_578689': -9,'GS_cluster_14485274_151021003_2335517648_254337785_#1more': 2, 'cluster_254337786_31404743': 4, 'cluster_537912_578689': 5,'GS_cluster_14485274_151021003_2335517648_254337785_#1more': 6, 'cluster_254337786_31404743': 8, 'cluster_537912_578689': 11,
2175.0,'GS_cluster_14485274_151021003_2335517648_254337785_#1more': -3, 'cluster_254337786_31404743': -5, 'cluster_537912_578689': -6,'GS_cluster_14485274_151021003_2335517648_254337785_#1more': 3, 'cluster_254337786_31404743': 3, 'cluster_537912_578689': 4,'GS_cluster_14485274_151021003_2335517648_254337785_#1more': 7, 'cluster_254337786_31404743': 6, 'cluster_537912_578689': 8,
2200.0,'GS_cluster_14485274_151021003_2335517648_254337785_#1more': -4, 'cluster_254337786_31404743': -6, 'cluster_537912_578689': -8,'GS_cluster_14485274_151021003_2335517648_254337785_#1more': 3, 'cluster_254337786_31404743': 2, 'cluster_537912_578689': 5,'GS_cluster_14485274_151021003_2335517648_254337785_#1more': 7, 'cluster_254337786_31404743': 6, 'cluster_537912_578689': 8,
2225.0,'GS_cluster_14485274_151021003_2335517648_254337785_#1more': -3, 'cluster_254337786_31404743': -6, 'cluster_537912_578689': -5,'GS_cluster_14485274_151021003_2335517648_254337785_#1more': 2, 'cluster_254337786_31404743': 4, 'cluster_537912_578689': 4,'GS_cluster_14485274_151021003_2335517648_254337785_#1more': 8, 'cluster_254337786_31404743': 7, 'cluster_537912_578689': 9,
2250.0,'GS_cluster_14485274_151021003_2335517648_254337785_#1more': -4, 'cluster_254337786_31404743': -8, 'cluster_537912_578689': -4,'GS_cluster_14485274_151021003_2335517648_254337785_#1more': 2, 'cluster_254337786_31404743': 4, 'cluster_537912_578689': 4,'GS_cluster_14485274_151021003_2335517648_254337785_#1more': 6, 'cluster_254337786_31404743': 8, 'cluster_537912_578689': 6,
2275.0,'GS_cluster_14485274_151021003_2335517648_254337785_#1more': -1, 'cluster_254337786_31404743': -5, 'cluster_537912_578689': -5,'GS_cluster_14485274_151021003_2335517648_254337785_#1more': 2, 'cluster_254337786_31404743': 4, 'cluster_537912_578689': 3,'GS_cluster_14485274_151021003_2335517648_254337785_#1more': 7, 'cluster_254337786_31404743': 7, 'cluster_537912_578689': 8,
2300.0,'GS_cluster_14485274_151021003_2335517648_254337785_#1more': -1, 'cluster_254337786_31404743': -4, 'cluster_537912_578689': -1,'GS_cluster_14485274_151021003_2335517648_254337785_#1more': 2, 'cluster_254337786_31404743': 2, 'cluster_537912_578689': 3,'GS_cluster_14485274_151021003_2335517648_254337785_#1more': 10, 'cluster_254337786_31404743': 7, 'cluster_537912_578689': 6,
2325.0,'GS_cluster_14485274_151021003_2335517648_254337785_#1more': -4, 'cluster_254337786_31404743': -2, 'cluster_537912_578689': -8,'GS_cluster_14485274_151021003_2335517648_254337785_#1more': 2, 'cluster_254337786_31404743': 2, 'cluster_537912_578689': 4,'GS_cluster_14485274_151021003_2335517648_254337785_#1more': 6, 'cluster_254337786_31404743': 3, 'cluster_537912_578689': 9,
2350.0,'GS_cluster_14485274_151021003_2335517648_254337785_#1more': 3, 'cluster_254337786_31404743': 0, 'cluster_537912_578689': -11,'GS_cluster_14485274_151021003_2335517648_254337785_#1more': 1, 'cluster_254337786_31404743': 2, 'cluster_537912_578689': 3,'GS_cluster_14485274_151021003_2335517648_254337785_#1more': 6, 'cluster_254337786_31404743': 3, 'cluster_537912_578689': 12,
2375.0,'GS_cluster_14485274_151021003_2335517648_254337785_#1more': -6, 'cluster_254337786_31404743': 1, 'cluster_537912_578689': -9,'GS_cluster_14485274_151021003_2335517648_254337785_#1more': 2, 'cluster_254337786_31404743': 1, 'cluster_537912_578689': 4,'GS_cluster_14485274_151021003_2335517648_254337785_#1more': 10, 'cluster_254337786_31404743': 3, 'cluster_537912_578689': 14,
2400.0,'GS_cluster_14485274_151021003_2335517648_254337785_#1more': -3, 'cluster_254337786_31404743': -3, 'cluster_537912_578689': -15,'GS_cluster_14485274_151021003_2335517648_254337785_#1more': 1, 'cluster_254337786_31404743': 1, 'cluster_537912_578689': 7,'GS_cluster_14485274_151021003_2335517648_254337785_#1more': 3, 'cluster_254337786_31404743': 3, 'cluster_537912_578689': 15,
2425.0,'GS_cluster_14485274_151021003_2335517648_254337785_#1more': 1, 'cluster_254337786_31404743': -5, 'cluster_537912_578689': -11,'GS_cluster_14485274_151021003_2335517648_254337785_#1more': 2, 'cluster_254337786_31404743': 2, 'cluster_537912_578689': 6,'GS_cluster_14485274_151021003_2335517648_254337785_#1more': 5, 'cluster_254337786_31404743': 5, 'cluster_537912_578689': 11,
2450.0,'GS_cluster_14485274_151021003_2335517648_254337785_#1more': -10, 'cluster_254337786_31404743': -2, 'cluster_537912_578689': -4,'GS_cluster_14485274_151021003_2335517648_254337785_#1more': 4, 'cluster_254337786_31404743': 2, 'cluster_537912_578689': 6,'GS_cluster_14485274_151021003_2335517648_254337785_#1more': 15, 'cluster_254337786_31404743': 6, 'cluster_537912_578689': 11,
2475.0,'GS_cluster_14485274_151021003_2335517648_254337785_#1more': -5, 'cluster_254337786_31404743': -4, 'cluster_537912_578689': -8,'GS_cluster_14485274_151021003_2335517648_254337785_#1more': 4, 'cluster_254337786_31404743': 3, 'cluster_537912_578689': 5,'GS_cluster_14485274_151021003_2335517648_254337785_#1more': 10, 'cluster_254337786_31404743': 7, 'cluster_537912_578689': 8,
2500.0,'GS_cluster_14485274_151021003_2335517648_254337785_#1more': -4, 'cluster_254337786_31404743': -6, 'cluster_537912_578689': -4,'GS_cluster_14485274_151021003_2335517648_254337785_#1more': 4, 'cluster_254337786_31404743': 2, 'cluster_537912_578689': 5,'GS_cluster_14485274_151021003_2335517648_254337785_#1more': 13, 'cluster_254337786_31404743': 9, 'cluster_537912_578689': 8,
2525.0,'GS_cluster_14485274_151021003_2335517648_254337785_#1more': -9, 'cluster_254337786_31404743': -5, 'cluster_537912_578689': -4,'GS_cluster_14485274_151021003_2335517648_254337785_#1more': 4, 'cluster_254337786_31404743': 4, 'cluster_537912_578689': 3,'GS_cluster_14485274_151021003_2335517648_254337785_#1more': 9, 'cluster_254337786_31404743': 6, 'cluster_537912_578689': 4,
2550.0,'GS_cluster_14485274_151021003_2335517648_254337785_#1more': -4, 'cluster_254337786_31404743': 1, 'cluster_537912_578689': -7,'GS_cluster_14485274_151021003_2335517648_254337785_#1more': 3, 'cluster_254337786_31404743': 2, 'cluster_537912_578689': 2,'GS_cluster_14485274_151021003_2335517648_254337785_#1more': 10, 'cluster_254337786_31404743': 5, 'cluster_537912_578689': 7,
2575.0,'GS_cluster_14485274_151021003_2335517648_254337785_#1more': -11, 'cluster_254337786_31404743': 2, 'cluster_537912_578689': -4,'GS_cluster_14485274_151021003_2335517648_254337785_#1more': 4, 'cluster_254337786_31404743': 4, 'cluster_537912_578689': 3,'GS_cluster_14485274_151021003_2335517648_254337785_#1more': 16, 'cluster_254337786_31404743': 9, 'cluster_537912_578689': 9,
2600.0,'GS_cluster_14485274_151021003_2335517648_254337785_#1more': 1, 'cluster_254337786_31404743': -5, 'cluster_537912_578689': -8,'GS_cluster_14485274_151021003_2335517648_254337785_#1more': 4, 'cluster_254337786_31404743': 4, 'cluster_537912_578689': 3,'GS_cluster_14485274_151021003_2335517648_254337785_#1more': 7, 'cluster_254337786_31404743': 9, 'cluster_537912_578689': 10,
2625.0,'GS_cluster_14485274_151021003_2335517648_254337785_#1more': 5, 'cluster_254337786_31404743': -9, 'cluster_537912_578689': -13,'GS_cluster_14485274_151021003_2335517648_254337785_#1more': 1, 'cluster_254337786_31404743': 5, 'cluster_537912_578689': 4,'GS_cluster_14485274_151021003_2335517648_254337785_#1more': 4, 'cluster_254337786_31404743': 11, 'cluster_537912_578689': 14,
2650.0,'GS_cluster_14485274_151021003_2335517648_254337785_#1more': 1, 'cluster_254337786_31404743': -7, 'cluster_537912_578689': -12,'GS_cluster_14485274_151021003_2335517648_254337785_#1more': 1, 'cluster_254337786_31404743': 7, 'cluster_537912_578689': 4,'GS_cluster_14485274_151021003_2335517648_254337785_#1more': 3, 'cluster_254337786_31404743': 8, 'cluster_537912_578689': 12,
2675.0,'GS_cluster_14485274_151021003_2335517648_254337785_#1more': 3, 'cluster_254337786_31404743': -5, 'cluster_537912_578689': -7,'GS_cluster_14485274_151021003_2335517648_254337785_#1more': 2, 'cluster_254337786_31404743': 2, 'cluster_537912_578689': 5,'GS_cluster_14485274_151021003_2335517648_254337785_#1more': 7, 'cluster_254337786_31404743': 7, 'cluster_537912_578689': 11,
2700.0,'GS_cluster_14485274_151021003_2335517648_254337785_#1more': 2, 'cluster_254337786_31404743': -7, 'cluster_537912_578689': -8,'GS_cluster_14485274_151021003_2335517648_254337785_#1more': 1, 'cluster_254337786_31404743': 6, 'cluster_537912_578689': 5,'GS_cluster_14485274_151021003_2335517648_254337785_#1more': 5, 'cluster_254337786_31404743': 8, 'cluster_537912_578689': 9,
2725.0,'GS_cluster_14485274_151021003_2335517648_254337785_#1more': -4, 'cluster_254337786_31404743': -4, 'cluster_537912_578689': -3,'GS_cluster_14485274_151021003_2335517648_254337785_#1more': 3, 'cluster_254337786_31404743': 4, 'cluster_537912_578689': 2,'GS_cluster_14485274_151021003_2335517648_254337785_#1more': 12, 'cluster_254337786_31404743': 10, 'cluster_537912_578689': 6,
2750.0,'GS_cluster_14485274_151021003_2335517648_254337785_#1more': -2, 'cluster_254337786_31404743': -8, 'cluster_537912_578689': -6,'GS_cluster_14485274_151021003_2335517648_254337785_#1more': 2, 'cluster_254337786_31404743': 3, 'cluster_537912_578689': 3,'GS_cluster_14485274_151021003_2335517648_254337785_#1more': 5, 'cluster_254337786_31404743': 9, 'cluster_537912_578689': 6,
2775.0,'GS_cluster_14485274_151021003_2335517648_254337785_#1more': 7, 'cluster_254337786_31404743': -3, 'cluster_537912_578689': -14,'GS_cluster_14485274_151021003_2335517648_254337785_#1more': 1, 'cluster_254337786_31404743': 4, 'cluster_537912_578689': 5,'GS_cluster_14485274_151021003_2335517648_254337785_#1more': 4, 'cluster_254337786_31404743': 6, 'cluster_537912_578689': 14,
2800.0,'GS_cluster_14485274_151021003_2335517648_254337785_#1more': -5, 'cluster_254337786_31404743': -3, 'cluster_537912_578689': -5,'GS_cluster_14485274_151021003_2335517648_254337785_#1more': 4, 'cluster_254337786_31404743': 5, 'cluster_537912_578689': 4,'GS_cluster_14485274_151021003_2335517648_254337785_#1more': 11, 'cluster_254337786_31404743': 9, 'cluster_537912_578689': 8,
2825.0,'GS_cluster_14485274_151021003_2335517648_254337785_#1more': -2, 'cluster_254337786_31404743': -10, 'cluster_537912_578689': -6,'GS_cluster_14485274_151021003_2335517648_254337785_#1more': 2, 'cluster_254337786_31404743': 6, 'cluster_537912_578689': 4,'GS_cluster_14485274_151021003_2335517648_254337785_#1more': 5, 'cluster_254337786_31404743': 10, 'cluster_537912_578689': 6,
2850.0,'GS_cluster_14485274_151021003_2335517648_254337785_#1more': 3, 'cluster_254337786_31404743': -8, 'cluster_537912_578689': -11,'GS_cluster_14485274_151021003_2335517648_254337785_#1more': 3, 'cluster_254337786_31404743': 4, 'cluster_537912_578689': 3,'GS_cluster_14485274_151021003_2335517648_254337785_#1more': 6, 'cluster_254337786_31404743': 10, 'cluster_537912_578689': 11,
2875.0,'GS_cluster_14485274_151021003_2335517648_254337785_#1more': -6, 'cluster_254337786_31404743': -5, 'cluster_537912_578689': -3,'GS_cluster_14485274_151021003_2335517648_254337785_#1more': 2, 'cluster_254337786_31404743': 4, 'cluster_537912_578689': 5,'GS_cluster_14485274_151021003_2335517648_254337785_#1more': 10, 'cluster_254337786_31404743': 9, 'cluster_537912_578689': 8,
2900.0,'GS_cluster_14485274_151021003_2335517648_254337785_#1more': 9, 'cluster_254337786_31404743': -5, 'cluster_537912_578689': -12,'GS_cluster_14485274_151021003_2335517648_254337785_#1more': 2, 'cluster_254337786_31404743': 2, 'cluster_537912_578689': 4,'GS_cluster_14485274_151021003_2335517648_254337785_#1more': 4, 'cluster_254337786_31404743': 7, 'cluster_537912_578689': 13,
2925.0,'GS_cluster_14485274_151021003_2335517648_254337785_#1more': 2, 'cluster_254337786_31404743': -7, 'cluster_537912_578689': -4,'GS_cluster_14485274_151021003_2335517648_254337785_#1more': 1, 'cluster_254337786_31404743': 4, 'cluster_537912_578689': 4,'GS_cluster_14485274_151021003_2335517648_254337785_#1more': 5, 'cluster_254337786_31404743': 8, 'cluster_537912_578689': 7,
2950.0,'GS_cluster_14485274_151021003_2335517648_254337785_#1more': -9, 'cluster_254337786_31404743': -3, 'cluster_537912_578689': -1,'GS_cluster_14485274_151021003_2335517648_254337785_#1more': 3, 'cluster_254337786_31404743': 3, 'cluster_537912_578689': 4,'GS_cluster_14485274_151021003_2335517648_254337785_#1more': 9, 'cluster_254337786_31404743': 7, 'cluster_537912_578689': 5,
2975.0,'GS_cluster_14485274_151021003_2335517648_254337785_#1more': -2, 'cluster_254337786_31404743': -5, 'cluster_537912_578689': -11,'GS_cluster_14485274_151021003_2335517648_254337785_#1more': 1, 'cluster_254337786_31404743': 2, 'cluster_537912_578689': 7,'GS_cluster_14485274_151021003_2335517648_254337785_#1more': 2, 'cluster_254337786_31404743': 5, 'cluster_537912_578689': 11,
3000.0,'GS_cluster_14485274_151021003_2335517648_254337785_#1more': 1, 'cluster_254337786_31404743': -5, 'cluster_537912_578689': -13,'GS_cluster_14485274_151021003_2335517648_254337785_#1more': 1, 'cluster_254337786_31404743': 4, 'cluster_537912_578689': 7,'GS_cluster_14485274_151021003_2335517648_254337785_#1more': 3, 'cluster_254337786_31404743': 5, 'cluster_537912_578689': 13,
3025.0,'GS_cluster_14485274_151021003_2335517648_254337785_#1more': -3, 'cluster_254337786_31404743': -2, 'cluster_537912_578689': -5,'GS_cluster_14485274_151021003_2335517648_254337785_#1more': 2, 'cluster_254337786_31404743': 2, 'cluster_537912_578689': 3,'GS_cluster_14485274_151021003_2335517648_254337785_#1more': 8, 'cluster_254337786_31404743': 5, 'cluster_537912_578689': 8,
3050.0,'GS_cluster_14485274_151021003_2335517648_254337785_#1more': 0, 'cluster_254337786_31404743': -7, 'cluster_537912_578689': -6,'GS_cluster_14485274_151021003_2335517648_254337785_#1more': 3, 'cluster_254337786_31404743': 2, 'cluster_537912_578689': 3,'GS_cluster_14485274_151021003_2335517648_254337785_#1more': 6, 'cluster_254337786_31404743': 7, 'cluster_537912_578689': 9,
3075.0,'GS_cluster_14485274_151021003_2335517648_254337785_#1more': 2, 'cluster_254337786_31404743': -11, 'cluster_537912_578689': -6,'GS_cluster_14485274_151021003_2335517648_254337785_#1more': 2, 'cluster_254337786_31404743': 4, 'cluster_537912_578689': 3,'GS_cluster_14485274_151021003_2335517648_254337785_#1more': 5, 'cluster_254337786_31404743': 12, 'cluster_537912_578689': 8,
3100.0,'GS_cluster_14485274_151021003_2335517648_254337785_#1more': 0, 'cluster_254337786_31404743': -9, 'cluster_537912_578689': -5,'GS_cluster_14485274_151021003_2335517648_254337785_#1more': 1, 'cluster_254337786_31404743': 5, 'cluster_537912_578689': 3,'GS_cluster_14485274_151021003_2335517648_254337785_#1more': 3, 'cluster_254337786_31404743': 9, 'cluster_537912_578689': 5,
3125.0,'GS_cluster_14485274_151021003_2335517648_254337785_#1more': -1, 'cluster_254337786_31404743': -7, 'cluster_537912_578689': -3,'GS_cluster_14485274_151021003_2335517648_254337785_#1more': 2, 'cluster_254337786_31404743': 2, 'cluster_537912_578689': 4,'GS_cluster_14485274_151021003_2335517648_254337785_#1more': 9, 'cluster_254337786_31404743': 8, 'cluster_537912_578689': 9,
3150.0,'GS_cluster_14485274_151021003_2335517648_254337785_#1more': -4, 'cluster_254337786_31404743': -3, 'cluster_537912_578689': -5,'GS_cluster_14485274_151021003_2335517648_254337785_#1more': 2, 'cluster_254337786_31404743': 2, 'cluster_537912_578689': 2,'GS_cluster_14485274_151021003_2335517648_254337785_#1more': 6, 'cluster_254337786_31404743': 4, 'cluster_537912_578689': 7,
3175.0,'GS_cluster_14485274_151021003_2335517648_254337785_#1more': -6, 'cluster_254337786_31404743': -5, 'cluster_537912_578689': -5,'GS_cluster_14485274_151021003_2335517648_254337785_#1more': 2, 'cluster_254337786_31404743': 4, 'cluster_537912_578689': 4,'GS_cluster_14485274_151021003_2335517648_254337785_#1more': 7, 'cluster_254337786_31404743': 9, 'cluster_537912_578689': 5,
3200.0,'GS_cluster_14485274_151021003_2335517648_254337785_#1more': -4, 'cluster_254337786_31404743': -13, 'cluster_537912_578689': -1,'GS_cluster_14485274_151021003_2335517648_254337785_#1more': 3, 'cluster_254337786_31404743': 4, 'cluster_537912_578689': 3,'GS_cluster_14485274_151021003_2335517648_254337785_#1more': 9, 'cluster_254337786_31404743': 14, 'cluster_537912_578689': 4,
3225.0,'GS_cluster_14485274_151021003_2335517648_254337785_#1more': -7, 'cluster_254337786_31404743': -5, 'cluster_537912_578689': -4,'GS_cluster_14485274_151021003_2335517648_254337785_#1more': 2, 'cluster_254337786_31404743': 6, 'cluster_537912_578689': 2,'GS_cluster_14485274_151021003_2335517648_254337785_#1more': 10, 'cluster_254337786_31404743': 6, 'cluster_537912_578689': 8,
3250.0,'GS_cluster_14485274_151021003_2335517648_254337785_#1more': -7, 'cluster_254337786_31404743': -2, 'cluster_537912_578689': -8,'GS_cluster_14485274_151021003_2335517648_254337785_#1more': 4, 'cluster_254337786_31404743': 2, 'cluster_537912_578689': 3,'GS_cluster_14485274_151021003_2335517648_254337785_#1more': 9, 'cluster_254337786_31404743': 3, 'cluster_537912_578689': 8,
3275.0,'GS_cluster_14485274_151021003_2335517648_254337785_#1more': -2, 'cluster_254337786_31404743': -2, 'cluster_537912_578689': -6,'GS_cluster_14485274_151021003_2335517648_254337785_#1more': 2, 'cluster_254337786_31404743': 2, 'cluster_537912_578689': 3,'GS_cluster_14485274_151021003_2335517648_254337785_#1more': 8, 'cluster_254337786_31404743': 6, 'cluster_537912_578689': 7,
3300.0,'GS_cluster_14485274_151021003_2335517648_254337785_#1more': -6, 'cluster_254337786_31404743': 1, 'cluster_537912_578689': -6,'GS_cluster_14485274_151021003_2335517648_254337785_#1more': 3, 'cluster_254337786_31404743': 2, 'cluster_537912_578689': 4,'GS_cluster_14485274_151021003_2335517648_254337785_#1more': 13, 'cluster_254337786_31404743': 5, 'cluster_537912_578689': 9,
3325.0,'GS_cluster_14485274_151021003_2335517648_254337785_#1more': -4, 'cluster_254337786_31404743': -5, 'cluster_537912_578689': -5,'GS_cluster_14485274_151021003_2335517648_254337785_#1more': 4, 'cluster_254337786_31404743': 2, 'cluster_537912_578689': 2,'GS_cluster_14485274_151021003_2335517648_254337785_#1more': 6, 'cluster_254337786_31404743': 5, 'cluster_537912_578689': 5,
3350.0,'GS_cluster_14485274_151021003_2335517648_254337785_#1more': -1, 'cluster_254337786_31404743': -3, 'cluster_537912_578689': -10,'GS_cluster_14485274_151021003_2335517648_254337785_#1more': 2, 'cluster_254337786_31404743': 1, 'cluster_537912_578689': 3,'GS_cluster_14485274_151021003_2335517648_254337785_#1more': 4, 'cluster_254337786_31404743': 4, 'cluster_537912_578689': 10,
3375.0,'GS_cluster_14485274_151021003_2335517648_254337785_#1more': 3, 'cluster_254337786_31404743': -5, 'cluster_537912_578689': -12,'GS_cluster_14485274_151021003_2335517648_254337785_#1more': 2, 'cluster_254337786_31404743': 3, 'cluster_537912_578689': 3,'GS_cluster_14485274_151021003_2335517648_254337785_#1more': 7, 'cluster_254337786_31404743': 9, 'cluster_537912_578689': 14,
3400.0,'GS_cluster_14485274_151021003_2335517648_254337785_#1more': 4, 'cluster_254337786_31404743': -11, 'cluster_537912_578689': -10,'GS_cluster_14485274_151021003_2335517648_254337785_#1more': 2, 'cluster_254337786_31404743': 4, 'cluster_537912_578689': 6,'GS_cluster_14485274_151021003_2335517648_254337785_#1more': 3, 'cluster_254337786_31404743': 13, 'cluster_537912_578689': 10,
3425.0,'GS_cluster_14485274_151021003_2335517648_254337785_#1more': 1, 'cluster_254337786_31404743': -8, 'cluster_537912_578689': -6,'GS_cluster_14485274_151021003_2335517648_254337785_#1more': 1, 'cluster_254337786_31404743': 4, 'cluster_537912_578689': 3,'GS_cluster_14485274_151021003_2335517648_254337785_#1more': 4, 'cluster_254337786_31404743': 8, 'cluster_537912_578689': 8,
3450.0,'GS_cluster_14485274_151021003_2335517648_254337785_#1more': -5, 'cluster_254337786_31404743': -3, 'cluster_537912_578689': -6,'GS_cluster_14485274_151021003_2335517648_254337785_#1more': 2, 'cluster_254337786_31404743': 3, 'cluster_537912_578689': 3,'GS_cluster_14485274_151021003_2335517648_254337785_#1more': 8, 'cluster_254337786_31404743': 5, 'cluster_537912_578689': 8,
3475.0,'GS_cluster_14485274_151021003_2335517648_254337785_#1more': -4, 'cluster_254337786_31404743': -3, 'cluster_537912_578689': -4,'GS_cluster_14485274_151021003_2335517648_254337785_#1more': 3, 'cluster_254337786_31404743': 2, 'cluster_537912_578689': 2,'GS_cluster_14485274_151021003_2335517648_254337785_#1more': 8, 'cluster_254337786_31404743': 5, 'cluster_537912_578689': 5,
3500.0,'GS_cluster_14485274_151021003_2335517648_254337785_#1more': -4, 'cluster_254337786_31404743': -6, 'cluster_537912_578689': -8,'GS_cluster_14485274_151021003_2335517648_254337785_#1more': 3, 'cluster_254337786_31404743': 2, 'cluster_537912_578689': 4,'GS_cluster_14485274_151021003_2335517648_254337785_#1more': 6, 'cluster_254337786_31404743': 7, 'cluster_537912_578689': 8,
3525.0,'GS_cluster_14485274_151021003_2335517648_254337785_#1more': -1, 'cluster_254337786_31404743': -4, 'cluster_537912_578689': -7,'GS_cluster_14485274_151021003_2335517648_254337785_#1more': 2, 'cluster_254337786_31404743': 3, 'cluster_537912_578689': 4,'GS_cluster_14485274_151021003_2335517648_254337785_#1more': 6, 'cluster_254337786_31404743': 6, 'cluster_537912_578689': 9,
3550.0,'GS_cluster_14485274_151021003_2335517648_254337785_#1more': -5, 'cluster_254337786_31404743': -9, 'cluster_537912_578689': -7,'GS_cluster_14485274_151021003_2335517648_254337785_#1more': 4, 'cluster_254337786_31404743': 6, 'cluster_537912_578689': 5,'GS_cluster_14485274_151021003_2335517648_254337785_#1more': 6, 'cluster_254337786_31404743': 10, 'cluster_537912_578689': 8,
3575.0,'GS_cluster_14485274_151021003_2335517648_254337785_#1more': 1, 'cluster_254337786_31404743': -7, 'cluster_537912_578689': -3,'GS_cluster_14485274_151021003_2335517648_254337785_#1more': 1, 'cluster_254337786_31404743': 4, 'cluster_537912_578689': 1,'GS_cluster_14485274_151021003_2335517648_254337785_#1more': 4, 'cluster_254337786_31404743': 9, 'cluster_537912_578689': 4,
3600.0,'GS_cluster_14485274_151021003_2335517648_254337785_#1more': -1, 'cluster_254337786_31404743': -7, 'cluster_537912_578689': -2,'GS_cluster_14485274_151021003_2335517648_254337785_#1more': 1, 'cluster_254337786_31404743': 4, 'cluster_537912_578689': 1,'GS_cluster_14485274_151021003_2335517648_254337785_#1more': 5, 'cluster_254337786_31404743': 8, 'cluster_537912_578689': 3,
