25.0,'GS_cluster_14485274_151021003_2335517648_254337785_#1more': 0.0, 'cluster_254337786_31404743': 0.0, 'cluster_537912_578689': -0.035714287,'GS_cluster_14485274_151021003_2335517648_254337785_#1more': 0, 'cluster_254337786_31404743': 0, 'cluster_537912_578689': 1,'GS_cluster_14485274_151021003_2335517648_254337785_#1more': 0, 'cluster_254337786_31404743': 0, 'cluster_537912_578689': 1,
50.0,'GS_cluster_14485274_151021003_2335517648_254337785_#1more': -0.084821425, 'cluster_254337786_31404743': -0.102678575, 'cluster_537912_578689': -0.2767857,'GS_cluster_14485274_151021003_2335517648_254337785_#1more': 1, 'cluster_254337786_31404743': 1, 'cluster_537912_578689': 1,'GS_cluster_14485274_151021003_2335517648_254337785_#1more': 1, 'cluster_254337786_31404743': 1, 'cluster_537912_578689': 3,
75.0,'GS_cluster_14485274_151021003_2335517648_254337785_#1more': -0.25, 'cluster_254337786_31404743': -0.4955357, 'cluster_537912_578689': -0.75446427,'GS_cluster_14485274_151021003_2335517648_254337785_#1more': 1, 'cluster_254337786_31404743': 2, 'cluster_537912_578689': 3,'GS_cluster_14485274_151021003_2335517648_254337785_#1more': 4, 'cluster_254337786_31404743': 5, 'cluster_537912_578689': 8,
100.0,'GS_cluster_14485274_151021003_2335517648_254337785_#1more': -0.8125, 'cluster_254337786_31404743': -0.6785714, 'cluster_537912_578689': -1.5178572,'GS_cluster_14485274_151021003_2335517648_254337785_#1more': 2, 'cluster_254337786_31404743': 2, 'cluster_537912_578689': 6,'GS_cluster_14485274_151021003_2335517648_254337785_#1more': 6, 'cluster_254337786_31404743': 5, 'cluster_537912_578689': 10,
125.0,'GS_cluster_14485274_151021003_2335517648_254337785_#1more': -1.1205357, 'cluster_254337786_31404743': -0.5535714, 'cluster_537912_578689': -2.25,'GS_cluster_14485274_151021003_2335517648_254337785_#1more': 2, 'cluster_254337786_31404743': 1, 'cluster_537912_578689': 7,'GS_cluster_14485274_151021003_2335517648_254337785_#1more': 10, 'cluster_254337786_31404743': 3, 'cluster_537912_578689': 10,
150.0,'GS_cluster_14485274_151021003_2335517648_254337785_#1more': -2.5848215, 'cluster_254337786_31404743': -0.18303572, 'cluster_537912_578689': -3.388393,'GS_cluster_14485274_151021003_2335517648_254337785_#1more': 3, 'cluster_254337786_31404743': 1, 'cluster_537912_578689': 9,'GS_cluster_14485274_151021003_2335517648_254337785_#1more': 18, 'cluster_254337786_31404743': 3, 'cluster_537912_578689': 14,
175.0,'GS_cluster_14485274_151021003_2335517648_254337785_#1more': -4.0, 'cluster_254337786_31404743': -0.48660713, 'cluster_537912_578689': -4.0,'GS_cluster_14485274_151021003_2335517648_254337785_#1more': 3, 'cluster_254337786_31404743': 2, 'cluster_537912_578689': 9,'GS_cluster_14485274_151021003_2335517648_254337785_#1more': 16, 'cluster_254337786_31404743': 7, 'cluster_537912_578689': 19,
200.0,'GS_cluster_14485274_151021003_2335517648_254337785_#1more': -4.0, 'cluster_254337786_31404743': -0.8526786, 'cluster_537912_578689': -2.7410715,'GS_cluster_14485274_151021003_2335517648_254337785_#1more': 3, 'cluster_254337786_31404743': 3, 'cluster_537912_578689': 3,'GS_cluster_14485274_151021003_2335517648_254337785_#1more': 18, 'cluster_254337786_31404743': 6, 'cluster_537912_578689': 14,
225.0,'GS_cluster_14485274_151021003_2335517648_254337785_#1more': -4.0, 'cluster_254337786_31404743': -0.96875, 'cluster_537912_578689': -3.7142856,'GS_cluster_14485274_151021003_2335517648_254337785_#1more': 5, 'cluster_254337786_31404743': 3, 'cluster_537912_578689': 3,'GS_cluster_14485274_151021003_2335517648_254337785_#1more': 26, 'cluster_254337786_31404743': 7, 'cluster_537912_578689': 14,
250.0,'GS_cluster_14485274_151021003_2335517648_254337785_#1more': -0.6339286, 'cluster_254337786_31404743': -1.1964285, 'cluster_537912_578689': -1.6026785,'GS_cluster_14485274_151021003_2335517648_254337785_#1more': 2, 'cluster_254337786_31404743': 5, 'cluster_537912_578689': 2,'GS_cluster_14485274_151021003_2335517648_254337785_#1more': 4, 'cluster_254337786_31404743': 8, 'cluster_537912_578689': 6,
275.0,'GS_cluster_14485274_151021003_2335517648_254337785_#1more': -1.09375, 'cluster_254337786_31404743': -2.4330356, 'cluster_537912_578689': -0.97321427,'GS_cluster_14485274_151021003_2335517648_254337785_#1more': 3, 'cluster_254337786_31404743': 7, 'cluster_537912_578689': 2,'GS_cluster_14485274_151021003_2335517648_254337785_#1more': 10, 'cluster_254337786_31404743': 14, 'cluster_537912_578689': 10,
300.0,'GS_cluster_14485274_151021003_2335517648_254337785_#1more': -1.2410715, 'cluster_254337786_31404743': -4.0, 'cluster_537912_578689': -1.5758928,'GS_cluster_14485274_151021003_2335517648_254337785_#1more': 3, 'cluster_254337786_31404743': 7, 'cluster_537912_578689': 2,'GS_cluster_14485274_151021003_2335517648_254337785_#1more': 10, 'cluster_254337786_31404743': 25, 'cluster_537912_578689': 8,
325.0,'GS_cluster_14485274_151021003_2335517648_254337785_#1more': -0.3482143, 'cluster_254337786_31404743': -4.0, 'cluster_537912_578689': -2.1473215,'GS_cluster_14485274_151021003_2335517648_254337785_#1more': 5, 'cluster_254337786_31404743': 7, 'cluster_537912_578689': 4,'GS_cluster_14485274_151021003_2335517648_254337785_#1more': 5, 'cluster_254337786_31404743': 16, 'cluster_537912_578689': 13,
350.0,'GS_cluster_14485274_151021003_2335517648_254337785_#1more': -0.68303573, 'cluster_254337786_31404743': -3.6607144, 'cluster_537912_578689': -1.03125,'GS_cluster_14485274_151021003_2335517648_254337785_#1more': 4, 'cluster_254337786_31404743': 6, 'cluster_537912_578689': 3,'GS_cluster_14485274_151021003_2335517648_254337785_#1more': 4, 'cluster_254337786_31404743': 11, 'cluster_537912_578689': 7,
375.0,'GS_cluster_14485274_151021003_2335517648_254337785_#1more': -1.25, 'cluster_254337786_31404743': -1.1026785, 'cluster_537912_578689': -2.03125,'GS_cluster_14485274_151021003_2335517648_254337785_#1more': 3, 'cluster_254337786_31404743': 2, 'cluster_537912_578689': 6,'GS_cluster_14485274_151021003_2335517648_254337785_#1more': 9, 'cluster_254337786_31404743': 7, 'cluster_537912_578689': 11,
400.0,'GS_cluster_14485274_151021003_2335517648_254337785_#1more': -1.15625, 'cluster_254337786_31404743': -1.1830357, 'cluster_537912_578689': -2.2142856,'GS_cluster_14485274_151021003_2335517648_254337785_#1more': 3, 'cluster_254337786_31404743': 3, 'cluster_537912_578689': 6,'GS_cluster_14485274_151021003_2335517648_254337785_#1more': 4, 'cluster_254337786_31404743': 8, 'cluster_537912_578689': 13,
425.0,'GS_cluster_14485274_151021003_2335517648_254337785_#1more': -1.3035715, 'cluster_254337786_31404743': -1.8214285, 'cluster_537912_578689': -3.4732144,'GS_cluster_14485274_151021003_2335517648_254337785_#1more': 3, 'cluster_254337786_31404743': 4, 'cluster_537912_578689': 8,'GS_cluster_14485274_151021003_2335517648_254337785_#1more': 9, 'cluster_254337786_31404743': 8, 'cluster_537912_578689': 17,
450.0,'GS_cluster_14485274_151021003_2335517648_254337785_#1more': -2.200893, 'cluster_254337786_31404743': -0.11160714, 'cluster_537912_578689': -4.0,'GS_cluster_14485274_151021003_2335517648_254337785_#1more': 3, 'cluster_254337786_31404743': 1, 'cluster_537912_578689': 8,'GS_cluster_14485274_151021003_2335517648_254337785_#1more': 9, 'cluster_254337786_31404743': 2, 'cluster_537912_578689': 18,
475.0,'GS_cluster_14485274_151021003_2335517648_254337785_#1more': -1.8883928, 'cluster_254337786_31404743': -0.51339287, 'cluster_537912_578689': -4.0,'GS_cluster_14485274_151021003_2335517648_254337785_#1more': 5, 'cluster_254337786_31404743': 2, 'cluster_537912_578689': 9,'GS_cluster_14485274_151021003_2335517648_254337785_#1more': 13, 'cluster_254337786_31404743': 6, 'cluster_537912_578689': 14,
500.0,'GS_cluster_14485274_151021003_2335517648_254337785_#1more': -3.8080356, 'cluster_254337786_31404743': -1.1875, 'cluster_537912_578689': -4.0,'GS_cluster_14485274_151021003_2335517648_254337785_#1more': 6, 'cluster_254337786_31404743': 3, 'cluster_537912_578689': 9,'GS_cluster_14485274_151021003_2335517648_254337785_#1more': 22, 'cluster_254337786_31404743': 7, 'cluster_537912_578689': 12,
525.0,'GS_cluster_14485274_151021003_2335517648_254337785_#1more': -4.0, 'cluster_254337786_31404743': -1.2901785, 'cluster_537912_578689': -0.96428573,'GS_cluster_14485274_151021003_2335517648_254337785_#1more': 7, 'cluster_254337786_31404743': 2, 'cluster_537912_578689': 2,'GS_cluster_14485274_151021003_2335517648_254337785_#1more': 24, 'cluster_254337786_31404743': 7, 'cluster_537912_578689': 4,
550.0,'GS_cluster_14485274_151021003_2335517648_254337785_#1more': -4.0, 'cluster_254337786_31404743': -2.200893, 'cluster_537912_578689': -0.61160713,'GS_cluster_14485274_151021003_2335517648_254337785_#1more': 7, 'cluster_254337786_31404743': 4, 'cluster_537912_578689': 2,'GS_cluster_14485274_151021003_2335517648_254337785_#1more': 32, 'cluster_254337786_31404743': 10, 'cluster_537912_578689': 6,
575.0,'GS_cluster_14485274_151021003_2335517648_254337785_#1more': -4.0, 'cluster_254337786_31404743': -2.7232144, 'cluster_537912_578689': -0.86160713,'GS_cluster_14485274_151021003_2335517648_254337785_#1more': 8, 'cluster_254337786_31404743': 5, 'cluster_537912_578689': 3,'GS_cluster_14485274_151021003_2335517648_254337785_#1more': 42, 'cluster_254337786_31404743': 10, 'cluster_537912_578689': 6,
600.0,'GS_cluster_14485274_151021003_2335517648_254337785_#1more': -4.0, 'cluster_254337786_31404743': -1.2366072, 'cluster_537912_578689': -1.5223215,'GS_cluster_14485274_151021003_2335517648_254337785_#1more': 8, 'cluster_254337786_31404743': 3, 'cluster_537912_578689': 5,'GS_cluster_14485274_151021003_2335517648_254337785_#1more': 43, 'cluster_254337786_31404743': 7, 'cluster_537912_578689': 8,
625.0,'GS_cluster_14485274_151021003_2335517648_254337785_#1more': -4.0, 'cluster_254337786_31404743': -2.3125, 'cluster_537912_578689': -1.4464285,'GS_cluster_14485274_151021003_2335517648_254337785_#1more': 9, 'cluster_254337786_31404743': 4, 'cluster_537912_578689': 5,'GS_cluster_14485274_151021003_2335517648_254337785_#1more': 46, 'cluster_254337786_31404743': 12, 'cluster_537912_578689': 12,
650.0,'GS_cluster_14485274_151021003_2335517648_254337785_#1more': -0.33035713, 'cluster_254337786_31404743': -2.482143, 'cluster_537912_578689': -2.78125,'GS_cluster_14485274_151021003_2335517648_254337785_#1more': 1, 'cluster_254337786_31404743': 5, 'cluster_537912_578689': 7,'GS_cluster_14485274_151021003_2335517648_254337785_#1more': 3, 'cluster_254337786_31404743': 12, 'cluster_537912_578689': 15,
675.0,'GS_cluster_14485274_151021003_2335517648_254337785_#1more': -0.75, 'cluster_254337786_31404743': -2.0625, 'cluster_537912_578689': -4.0,'GS_cluster_14485274_151021003_2335517648_254337785_#1more': 1, 'cluster_254337786_31404743': 3, 'cluster_537912_578689': 7,'GS_cluster_14485274_151021003_2335517648_254337785_#1more': 8, 'cluster_254337786_31404743': 10, 'cluster_537912_578689': 32,
700.0,'GS_cluster_14485274_151021003_2335517648_254337785_#1more': -1.25, 'cluster_254337786_31404743': -1.125, 'cluster_537912_578689': -4.0,'GS_cluster_14485274_151021003_2335517648_254337785_#1more': 2, 'cluster_254337786_31404743': 4, 'cluster_537912_578689': 7,'GS_cluster_14485274_151021003_2335517648_254337785_#1more': 9, 'cluster_254337786_31404743': 12, 'cluster_537912_578689': 33,
725.0,'GS_cluster_14485274_151021003_2335517648_254337785_#1more': -1.6785715, 'cluster_254337786_31404743': -1.6875, 'cluster_537912_578689': -4.0,'GS_cluster_14485274_151021003_2335517648_254337785_#1more': 3, 'cluster_254337786_31404743': 4, 'cluster_537912_578689': 7,'GS_cluster_14485274_151021003_2335517648_254337785_#1more': 10, 'cluster_254337786_31404743': 11, 'cluster_537912_578689': 32,
750.0,'GS_cluster_14485274_151021003_2335517648_254337785_#1more': -0.2544643, 'cluster_254337786_31404743': -3.0044644, 'cluster_537912_578689': -4.0,'GS_cluster_14485274_151021003_2335517648_254337785_#1more': 2, 'cluster_254337786_31404743': 5, 'cluster_537912_578689': 7,'GS_cluster_14485274_151021003_2335517648_254337785_#1more': 4, 'cluster_254337786_31404743': 13, 'cluster_537912_578689': 8,
775.0,'GS_cluster_14485274_151021003_2335517648_254337785_#1more': -1.2991072, 'cluster_254337786_31404743': -2.1919644, 'cluster_537912_578689': -4.0,'GS_cluster_14485274_151021003_2335517648_254337785_#1more': 4, 'cluster_254337786_31404743': 4, 'cluster_537912_578689': 9,'GS_cluster_14485274_151021003_2335517648_254337785_#1more': 17, 'cluster_254337786_31404743': 10, 'cluster_537912_578689': 13,
800.0,'GS_cluster_14485274_151021003_2335517648_254337785_#1more': -1.4642857, 'cluster_254337786_31404743': -2.9955356, 'cluster_537912_578689': -4.0,'GS_cluster_14485274_151021003_2335517648_254337785_#1more': 5, 'cluster_254337786_31404743': 5, 'cluster_537912_578689': 10,'GS_cluster_14485274_151021003_2335517648_254337785_#1more': 8, 'cluster_254337786_31404743': 13, 'cluster_537912_578689': 15,
825.0,'GS_cluster_14485274_151021003_2335517648_254337785_#1more': -1.25, 'cluster_254337786_31404743': -1.4241072, 'cluster_537912_578689': -4.0,'GS_cluster_14485274_151021003_2335517648_254337785_#1more': 4, 'cluster_254337786_31404743': 3, 'cluster_537912_578689': 10,'GS_cluster_14485274_151021003_2335517648_254337785_#1more': 9, 'cluster_254337786_31404743': 11, 'cluster_537912_578689': 19,
850.0,'GS_cluster_14485274_151021003_2335517648_254337785_#1more': -2.0669644, 'cluster_254337786_31404743': -0.61160713, 'cluster_537912_578689': -2.3035715,'GS_cluster_14485274_151021003_2335517648_254337785_#1more': 4, 'cluster_254337786_31404743': 2, 'cluster_537912_578689': 4,'GS_cluster_14485274_151021003_2335517648_254337785_#1more': 12, 'cluster_254337786_31404743': 8, 'cluster_537912_578689': 10,
875.0,'GS_cluster_14485274_151021003_2335517648_254337785_#1more': -2.5357144, 'cluster_254337786_31404743': -1.6383928, 'cluster_537912_578689': -1.8839285,'GS_cluster_14485274_151021003_2335517648_254337785_#1more': 6, 'cluster_254337786_31404743': 4, 'cluster_537912_578689': 3,'GS_cluster_14485274_151021003_2335517648_254337785_#1more': 22, 'cluster_254337786_31404743': 11, 'cluster_537912_578689': 9,
900.0,'GS_cluster_14485274_151021003_2335517648_254337785_#1more': -4.0, 'cluster_254337786_31404743': -2.0580356, 'cluster_537912_578689': -0.71428573,'GS_cluster_14485274_151021003_2335517648_254337785_#1more': 6, 'cluster_254337786_31404743': 3, 'cluster_537912_578689': 3,'GS_cluster_14485274_151021003_2335517648_254337785_#1more': 29, 'cluster_254337786_31404743': 10, 'cluster_537912_578689': 4,
925.0,'GS_cluster_14485274_151021003_2335517648_254337785_#1more': -4.0, 'cluster_254337786_31404743': -2.799107, 'cluster_537912_578689': -1.2232143,'GS_cluster_14485274_151021003_2335517648_254337785_#1more': 6, 'cluster_254337786_31404743': 3, 'cluster_537912_578689': 3,'GS_cluster_14485274_151021003_2335517648_254337785_#1more': 32, 'cluster_254337786_31404743': 8, 'cluster_537912_578689': 6,
950.0,'GS_cluster_14485274_151021003_2335517648_254337785_#1more': -4.0, 'cluster_254337786_31404743': -1.6875, 'cluster_537912_578689': -1.8214285,'GS_cluster_14485274_151021003_2335517648_254337785_#1more': 9, 'cluster_254337786_31404743': 3, 'cluster_537912_578689': 6,'GS_cluster_14485274_151021003_2335517648_254337785_#1more': 45, 'cluster_254337786_31404743': 5, 'cluster_537912_578689': 8,
975.0,'GS_cluster_14485274_151021003_2335517648_254337785_#1more': -4.0, 'cluster_254337786_31404743': -2.40625, 'cluster_537912_578689': -2.888393,'GS_cluster_14485274_151021003_2335517648_254337785_#1more': 9, 'cluster_254337786_31404743': 3, 'cluster_537912_578689': 9,'GS_cluster_14485274_151021003_2335517648_254337785_#1more': 46, 'cluster_254337786_31404743': 8, 'cluster_537912_578689': 12,
1000.0,'GS_cluster_14485274_151021003_2335517648_254337785_#1more': -1.25, 'cluster_254337786_31404743': -3.0223215, 'cluster_537912_578689': -0.9464286,'GS_cluster_14485274_151021003_2335517648_254337785_#1more': 4, 'cluster_254337786_31404743': 3, 'cluster_537912_578689': 2,'GS_cluster_14485274_151021003_2335517648_254337785_#1more': 9, 'cluster_254337786_31404743': 8, 'cluster_537912_578689': 4,
1025.0,'GS_cluster_14485274_151021003_2335517648_254337785_#1more': -0.76785713, 'cluster_254337786_31404743': -4.0, 'cluster_537912_578689': -2.1205356,'GS_cluster_14485274_151021003_2335517648_254337785_#1more': 3, 'cluster_254337786_31404743': 4, 'cluster_537912_578689': 5,'GS_cluster_14485274_151021003_2335517648_254337785_#1more': 8, 'cluster_254337786_31404743': 15, 'cluster_537912_578689': 17,
1050.0,'GS_cluster_14485274_151021003_2335517648_254337785_#1more': -1.8705357, 'cluster_254337786_31404743': -4.0, 'cluster_537912_578689': -2.7410715,'GS_cluster_14485274_151021003_2335517648_254337785_#1more': 3, 'cluster_254337786_31404743': 4, 'cluster_537912_578689': 5,'GS_cluster_14485274_151021003_2335517648_254337785_#1more': 14, 'cluster_254337786_31404743': 10, 'cluster_537912_578689': 16,
1075.0,'GS_cluster_14485274_151021003_2335517648_254337785_#1more': -1.1919643, 'cluster_254337786_31404743': -4.0, 'cluster_537912_578689': -4.0,'GS_cluster_14485274_151021003_2335517648_254337785_#1more': 3, 'cluster_254337786_31404743': 4, 'cluster_537912_578689': 5,'GS_cluster_14485274_151021003_2335517648_254337785_#1more': 5, 'cluster_254337786_31404743': 13, 'cluster_537912_578689': 19,
1100.0,'GS_cluster_14485274_151021003_2335517648_254337785_#1more': -1.3482143, 'cluster_254337786_31404743': -1.34375, 'cluster_537912_578689': -4.0,'GS_cluster_14485274_151021003_2335517648_254337785_#1more': 4, 'cluster_254337786_31404743': 3, 'cluster_537912_578689': 5,'GS_cluster_14485274_151021003_2335517648_254337785_#1more': 7, 'cluster_254337786_31404743': 12, 'cluster_537912_578689': 19,
1125.0,'GS_cluster_14485274_151021003_2335517648_254337785_#1more': -1.9642857, 'cluster_254337786_31404743': -2.2276785, 'cluster_537912_578689': -4.0,'GS_cluster_14485274_151021003_2335517648_254337785_#1more': 5, 'cluster_254337786_31404743': 4, 'cluster_537912_578689': 5,'GS_cluster_14485274_151021003_2335517648_254337785_#1more': 11, 'cluster_254337786_31404743': 14, 'cluster_537912_578689': 22,
1150.0,'GS_cluster_14485274_151021003_2335517648_254337785_#1more': -2.4419644, 'cluster_254337786_31404743': -3.125, 'cluster_537912_578689': -4.0,'GS_cluster_14485274_151021003_2335517648_254337785_#1more': 5, 'cluster_254337786_31404743': 4, 'cluster_537912_578689': 5,'GS_cluster_14485274_151021003_2335517648_254337785_#1more': 9, 'cluster_254337786_31404743': 15, 'cluster_537912_578689': 25,
1175.0,'GS_cluster_14485274_151021003_2335517648_254337785_#1more': -0.87946427, 'cluster_254337786_31404743': -3.017857, 'cluster_537912_578689': -1.0446428,'GS_cluster_14485274_151021003_2335517648_254337785_#1more': 2, 'cluster_254337786_31404743': 4, 'cluster_537912_578689': 3,'GS_cluster_14485274_151021003_2335517648_254337785_#1more': 8, 'cluster_254337786_31404743': 11, 'cluster_537912_578689': 4,
1200.0,'GS_cluster_14485274_151021003_2335517648_254337785_#1more': -2.3660715, 'cluster_254337786_31404743': -3.5982144, 'cluster_537912_578689': -1.6517857,'GS_cluster_14485274_151021003_2335517648_254337785_#1more': 4, 'cluster_254337786_31404743': 4, 'cluster_537912_578689': 3,'GS_cluster_14485274_151021003_2335517648_254337785_#1more': 18, 'cluster_254337786_31404743': 11, 'cluster_537912_578689': 8,
1225.0,'GS_cluster_14485274_151021003_2335517648_254337785_#1more': -3.1651785, 'cluster_254337786_31404743': -4.0, 'cluster_537912_578689': -2.6473215,'GS_cluster_14485274_151021003_2335517648_254337785_#1more': 4, 'cluster_254337786_31404743': 4, 'cluster_537912_578689': 3,'GS_cluster_14485274_151021003_2335517648_254337785_#1more': 14, 'cluster_254337786_31404743': 12, 'cluster_537912_578689': 10,
1250.0,'GS_cluster_14485274_151021003_2335517648_254337785_#1more': -4.0, 'cluster_254337786_31404743': -4.0, 'cluster_537912_578689': -4.0,'GS_cluster_14485274_151021003_2335517648_254337785_#1more': 4, 'cluster_254337786_31404743': 4, 'cluster_537912_578689': 3,'GS_cluster_14485274_151021003_2335517648_254337785_#1more': 16, 'cluster_254337786_31404743': 7, 'cluster_537912_578689': 14,
1275.0,'GS_cluster_14485274_151021003_2335517648_254337785_#1more': -2.482143, 'cluster_254337786_31404743': -1.1205357, 'cluster_537912_578689': -3.4955356,'GS_cluster_14485274_151021003_2335517648_254337785_#1more': 4, 'cluster_254337786_31404743': 2, 'cluster_537912_578689': 4,'GS_cluster_14485274_151021003_2335517648_254337785_#1more': 9, 'cluster_254337786_31404743': 3, 'cluster_537912_578689': 16,
1300.0,'GS_cluster_14485274_151021003_2335517648_254337785_#1more': -3.517857, 'cluster_254337786_31404743': -0.3169643, 'cluster_537912_578689': -4.0,'GS_cluster_14485274_151021003_2335517648_254337785_#1more': 5, 'cluster_254337786_31404743': 2, 'cluster_537912_578689': 4,'GS_cluster_14485274_151021003_2335517648_254337785_#1more': 16, 'cluster_254337786_31404743': 4, 'cluster_537912_578689': 16,
1325.0,'GS_cluster_14485274_151021003_2335517648_254337785_#1more': -4.0, 'cluster_254337786_31404743': -0.45089287, 'cluster_537912_578689': -4.0,'GS_cluster_14485274_151021003_2335517648_254337785_#1more': 8, 'cluster_254337786_31404743': 3, 'cluster_537912_578689': 4,'GS_cluster_14485274_151021003_2335517648_254337785_#1more': 20, 'cluster_254337786_31404743': 7, 'cluster_537912_578689': 20,
1350.0,'GS_cluster_14485274_151021003_2335517648_254337785_#1more': -4.0, 'cluster_254337786_31404743': -0.8125, 'cluster_537912_578689': -1.1428572,'GS_cluster_14485274_151021003_2335517648_254337785_#1more': 8, 'cluster_254337786_31404743': 3, 'cluster_537912_578689': 5,'GS_cluster_14485274_151021003_2335517648_254337785_#1more': 24, 'cluster_254337786_31404743': 5, 'cluster_537912_578689': 8,
1375.0,'GS_cluster_14485274_151021003_2335517648_254337785_#1more': -4.0, 'cluster_254337786_31404743': -0.44642857, 'cluster_537912_578689': -2.34375,'GS_cluster_14485274_151021003_2335517648_254337785_#1more': 8, 'cluster_254337786_31404743': 3, 'cluster_537912_578689': 6,'GS_cluster_14485274_151021003_2335517648_254337785_#1more': 34, 'cluster_254337786_31404743': 5, 'cluster_537912_578689': 12,
1400.0,'GS_cluster_14485274_151021003_2335517648_254337785_#1more': -4.0, 'cluster_254337786_31404743': -0.63839287, 'cluster_537912_578689': -3.6830356,'GS_cluster_14485274_151021003_2335517648_254337785_#1more': 8, 'cluster_254337786_31404743': 2, 'cluster_537912_578689': 6,'GS_cluster_14485274_151021003_2335517648_254337785_#1more': 37, 'cluster_254337786_31404743': 5, 'cluster_537912_578689': 12,
1425.0,'GS_cluster_14485274_151021003_2335517648_254337785_#1more': -4.0, 'cluster_254337786_31404743': -1.1160715, 'cluster_537912_578689': -4.0,'GS_cluster_14485274_151021003_2335517648_254337785_#1more': 7, 'cluster_254337786_31404743': 3, 'cluster_537912_578689': 9,'GS_cluster_14485274_151021003_2335517648_254337785_#1more': 32, 'cluster_254337786_31404743': 10, 'cluster_537912_578689': 18,
1450.0,'GS_cluster_14485274_151021003_2335517648_254337785_#1more': -4.0, 'cluster_254337786_31404743': -1.96875, 'cluster_537912_578689': -3.4330356,'GS_cluster_14485274_151021003_2335517648_254337785_#1more': 7, 'cluster_254337786_31404743': 4, 'cluster_537912_578689': 5,'GS_cluster_14485274_151021003_2335517648_254337785_#1more': 34, 'cluster_254337786_31404743': 13, 'cluster_537912_578689': 17,
1475.0,'GS_cluster_14485274_151021003_2335517648_254337785_#1more': -4.0, 'cluster_254337786_31404743': -3.4330356, 'cluster_537912_578689': -4.0,'GS_cluster_14485274_151021003_2335517648_254337785_#1more': 8, 'cluster_254337786_31404743': 4, 'cluster_537912_578689': 6,'GS_cluster_14485274_151021003_2335517648_254337785_#1more': 45, 'cluster_254337786_31404743': 14, 'cluster_537912_578689': 14,
1500.0,'GS_cluster_14485274_151021003_2335517648_254337785_#1more': -4.0, 'cluster_254337786_31404743': -4.0, 'cluster_537912_578689': -4.0,'GS_cluster_14485274_151021003_2335517648_254337785_#1more': 9, 'cluster_254337786_31404743': 6, 'cluster_537912_578689': 7,'GS_cluster_14485274_151021003_2335517648_254337785_#1more': 45, 'cluster_254337786_31404743': 19, 'cluster_537912_578689': 15,
1525.0,'GS_cluster_14485274_151021003_2335517648_254337785_#1more': -4.0, 'cluster_254337786_31404743': -2.419643, 'cluster_537912_578689': -3.71875,'GS_cluster_14485274_151021003_2335517648_254337785_#1more': 9, 'cluster_254337786_31404743': 6, 'cluster_537912_578689': 5,'GS_cluster_14485274_151021003_2335517648_254337785_#1more': 48, 'cluster_254337786_31404743': 9, 'cluster_537912_578689': 11,
1550.0,'GS_cluster_14485274_151021003_2335517648_254337785_#1more': -0.76785713, 'cluster_254337786_31404743': -3.669643, 'cluster_537912_578689': -4.0,'GS_cluster_14485274_151021003_2335517648_254337785_#1more': 3, 'cluster_254337786_31404743': 7, 'cluster_537912_578689': 5,'GS_cluster_14485274_151021003_2335517648_254337785_#1more': 7, 'cluster_254337786_31404743': 14, 'cluster_537912_578689': 14,
1575.0,'GS_cluster_14485274_151021003_2335517648_254337785_#1more': -0.6651786, 'cluster_254337786_31404743': -2.294643, 'cluster_537912_578689': -4.0,'GS_cluster_14485274_151021003_2335517648_254337785_#1more': 2, 'cluster_254337786_31404743': 5, 'cluster_537912_578689': 5,'GS_cluster_14485274_151021003_2335517648_254337785_#1more': 8, 'cluster_254337786_31404743': 19, 'cluster_537912_578689': 23,
1600.0,'GS_cluster_14485274_151021003_2335517648_254337785_#1more': -1.7276785, 'cluster_254337786_31404743': -2.5580356, 'cluster_537912_578689': -4.0,'GS_cluster_14485274_151021003_2335517648_254337785_#1more': 3, 'cluster_254337786_31404743': 6, 'cluster_537912_578689': 5,'GS_cluster_14485274_151021003_2335517648_254337785_#1more': 11, 'cluster_254337786_31404743': 19, 'cluster_537912_578689': 26,
1625.0,'GS_cluster_14485274_151021003_2335517648_254337785_#1more': -0.4732143, 'cluster_254337786_31404743': -3.1026785, 'cluster_537912_578689': -4.0,'GS_cluster_14485274_151021003_2335517648_254337785_#1more': 1, 'cluster_254337786_31404743': 4, 'cluster_537912_578689': 5,'GS_cluster_14485274_151021003_2335517648_254337785_#1more': 4, 'cluster_254337786_31404743': 15, 'cluster_537912_578689': 26,
1650.0,'GS_cluster_14485274_151021003_2335517648_254337785_#1more': -1.0223215, 'cluster_254337786_31404743': -4.0, 'cluster_537912_578689': -4.0,'GS_cluster_14485274_151021003_2335517648_254337785_#1more': 1, 'cluster_254337786_31404743': 4, 'cluster_537912_578689': 5,'GS_cluster_14485274_151021003_2335517648_254337785_#1more': 8, 'cluster_254337786_31404743': 20, 'cluster_537912_578689': 30,
1675.0,'GS_cluster_14485274_151021003_2335517648_254337785_#1more': -1.9330357, 'cluster_254337786_31404743': -1.125, 'cluster_537912_578689': -4.0,'GS_cluster_14485274_151021003_2335517648_254337785_#1more': 5, 'cluster_254337786_31404743': 3, 'cluster_537912_578689': 5,'GS_cluster_14485274_151021003_2335517648_254337785_#1more': 11, 'cluster_254337786_31404743': 8, 'cluster_537912_578689': 25,
1700.0,'GS_cluster_14485274_151021003_2335517648_254337785_#1more': -2.2589285, 'cluster_254337786_31404743': -1.1116072, 'cluster_537912_578689': -1.1741072,'GS_cluster_14485274_151021003_2335517648_254337785_#1more': 4, 'cluster_254337786_31404743': 3, 'cluster_537912_578689': 5,'GS_cluster_14485274_151021003_2335517648_254337785_#1more': 11, 'cluster_254337786_31404743': 10, 'cluster_537912_578689': 9,
1725.0,'GS_cluster_14485274_151021003_2335517648_254337785_#1more': -0.49107143, 'cluster_254337786_31404743': -2.517857, 'cluster_537912_578689': -2.330357,'GS_cluster_14485274_151021003_2335517648_254337785_#1more': 3, 'cluster_254337786_31404743': 5, 'cluster_537912_578689': 5,'GS_cluster_14485274_151021003_2335517648_254337785_#1more': 8, 'cluster_254337786_31404743': 16, 'cluster_537912_578689': 12,
1750.0,'GS_cluster_14485274_151021003_2335517648_254337785_#1more': -1.2276785, 'cluster_254337786_31404743': -3.5401785, 'cluster_537912_578689': -1.9732143,'GS_cluster_14485274_151021003_2335517648_254337785_#1more': 3, 'cluster_254337786_31404743': 7, 'cluster_537912_578689': 5,'GS_cluster_14485274_151021003_2335517648_254337785_#1more': 8, 'cluster_254337786_31404743': 14, 'cluster_537912_578689': 11,
1775.0,'GS_cluster_14485274_151021003_2335517648_254337785_#1more': -1.6696428, 'cluster_254337786_31404743': -4.0, 'cluster_537912_578689': -3.7723215,'GS_cluster_14485274_151021003_2335517648_254337785_#1more': 3, 'cluster_254337786_31404743': 8, 'cluster_537912_578689': 7,'GS_cluster_14485274_151021003_2335517648_254337785_#1more': 8, 'cluster_254337786_31404743': 18, 'cluster_537912_578689': 17,
1800.0,'GS_cluster_14485274_151021003_2335517648_254337785_#1more': -2.174107, 'cluster_254337786_31404743': -4.0, 'cluster_537912_578689': -4.0,'GS_cluster_14485274_151021003_2335517648_254337785_#1more': 4, 'cluster_254337786_31404743': 11, 'cluster_537912_578689': 8,'GS_cluster_14485274_151021003_2335517648_254337785_#1more': 9, 'cluster_254337786_31404743': 24, 'cluster_537912_578689': 14,
1825.0,'GS_cluster_14485274_151021003_2335517648_254337785_#1more': -0.3794643, 'cluster_254337786_31404743': -4.0, 'cluster_537912_578689': -4.0,'GS_cluster_14485274_151021003_2335517648_254337785_#1more': 3, 'cluster_254337786_31404743': 4, 'cluster_537912_578689': 9,'GS_cluster_14485274_151021003_2335517648_254337785_#1more': 3, 'cluster_254337786_31404743': 18, 'cluster_537912_578689': 15,
1850.0,'GS_cluster_14485274_151021003_2335517648_254337785_#1more': -0.84821427, 'cluster_254337786_31404743': -3.205357, 'cluster_537912_578689': -0.8660714,'GS_cluster_14485274_151021003_2335517648_254337785_#1more': 5, 'cluster_254337786_31404743': 4, 'cluster_537912_578689': 2,'GS_cluster_14485274_151021003_2335517648_254337785_#1more': 7, 'cluster_254337786_31404743': 16, 'cluster_537912_578689': 6,
1875.0,'GS_cluster_14485274_151021003_2335517648_254337785_#1more': -1.8214285, 'cluster_254337786_31404743': -4.0, 'cluster_537912_578689': -0.75,'GS_cluster_14485274_151021003_2335517648_254337785_#1more': 5, 'cluster_254337786_31404743': 4, 'cluster_537912_578689': 3,'GS_cluster_14485274_151021003_2335517648_254337785_#1more': 10, 'cluster_254337786_31404743': 14, 'cluster_537912_578689': 7,
1900.0,'GS_cluster_14485274_151021003_2335517648_254337785_#1more': -0.9285714, 'cluster_254337786_31404743': -4.0, 'cluster_537912_578689': -1.0357143,'GS_cluster_14485274_151021003_2335517648_254337785_#1more': 2, 'cluster_254337786_31404743': 4, 'cluster_537912_578689': 7,'GS_cluster_14485274_151021003_2335517648_254337785_#1more': 7, 'cluster_254337786_31404743': 17, 'cluster_537912_578689': 9,
1925.0,'GS_cluster_14485274_151021003_2335517648_254337785_#1more': -0.61160713, 'cluster_254337786_31404743': -4.0, 'cluster_537912_578689': -2.232143,'GS_cluster_14485274_151021003_2335517648_254337785_#1more': 2, 'cluster_254337786_31404743': 4, 'cluster_537912_578689': 7,'GS_cluster_14485274_151021003_2335517648_254337785_#1more': 5, 'cluster_254337786_31404743': 19, 'cluster_537912_578689': 14,
1950.0,'GS_cluster_14485274_151021003_2335517648_254337785_#1more': -1.6071428, 'cluster_254337786_31404743': -4.0, 'cluster_537912_578689': -1.3035715,'GS_cluster_14485274_151021003_2335517648_254337785_#1more': 4, 'cluster_254337786_31404743': 4, 'cluster_537912_578689': 4,'GS_cluster_14485274_151021003_2335517648_254337785_#1more': 13, 'cluster_254337786_31404743': 25, 'cluster_537912_578689': 8,
1975.0,'GS_cluster_14485274_151021003_2335517648_254337785_#1more': -3.2276785, 'cluster_254337786_31404743': -4.0, 'cluster_537912_578689': -0.20535715,'GS_cluster_14485274_151021003_2335517648_254337785_#1more': 6, 'cluster_254337786_31404743': 4, 'cluster_537912_578689': 2,'GS_cluster_14485274_151021003_2335517648_254337785_#1more': 21, 'cluster_254337786_31404743': 22, 'cluster_537912_578689': 3,
2000.0,'GS_cluster_14485274_151021003_2335517648_254337785_#1more': -4.0, 'cluster_254337786_31404743': -4.0, 'cluster_537912_578689': -0.7276786,'GS_cluster_14485274_151021003_2335517648_254337785_#1more': 6, 'cluster_254337786_31404743': 5, 'cluster_537912_578689': 4,'GS_cluster_14485274_151021003_2335517648_254337785_#1more': 23, 'cluster_254337786_31404743': 28, 'cluster_537912_578689': 7,
2025.0,'GS_cluster_14485274_151021003_2335517648_254337785_#1more': -4.0, 'cluster_254337786_31404743': -2.3526785, 'cluster_537912_578689': -1.2053572,'GS_cluster_14485274_151021003_2335517648_254337785_#1more': 6, 'cluster_254337786_31404743': 4, 'cluster_537912_578689': 3,'GS_cluster_14485274_151021003_2335517648_254337785_#1more': 27, 'cluster_254337786_31404743': 8, 'cluster_537912_578689': 6,
2050.0,'GS_cluster_14485274_151021003_2335517648_254337785_#1more': -4.0, 'cluster_254337786_31404743': -2.5580356, 'cluster_537912_578689': -0.99553573,'GS_cluster_14485274_151021003_2335517648_254337785_#1more': 8, 'cluster_254337786_31404743': 4, 'cluster_537912_578689': 3,'GS_cluster_14485274_151021003_2335517648_254337785_#1more': 35, 'cluster_254337786_31404743': 11, 'cluster_537912_578689': 5,
2075.0,'GS_cluster_14485274_151021003_2335517648_254337785_#1more': -0.9598214, 'cluster_254337786_31404743': -0.91964287, 'cluster_537912_578689': -1.6919643,'GS_cluster_14485274_151021003_2335517648_254337785_#1more': 1, 'cluster_254337786_31404743': 4, 'cluster_537912_578689': 3,'GS_cluster_14485274_151021003_2335517648_254337785_#1more': 4, 'cluster_254337786_31404743': 7, 'cluster_537912_578689': 8,
2100.0,'GS_cluster_14485274_151021003_2335517648_254337785_#1more': -1.4776785, 'cluster_254337786_31404743': -0.79910713, 'cluster_537912_578689': -3.169643,'GS_cluster_14485274_151021003_2335517648_254337785_#1more': 2, 'cluster_254337786_31404743': 4, 'cluster_537912_578689': 6,'GS_cluster_14485274_151021003_2335517648_254337785_#1more': 5, 'cluster_254337786_31404743': 7, 'cluster_537912_578689': 23,
2125.0,'GS_cluster_14485274_151021003_2335517648_254337785_#1more': -1.21875, 'cluster_254337786_31404743': -1.8883928, 'cluster_537912_578689': -4.0,'GS_cluster_14485274_151021003_2335517648_254337785_#1more': 3, 'cluster_254337786_31404743': 4, 'cluster_537912_578689': 8,'GS_cluster_14485274_151021003_2335517648_254337785_#1more': 7, 'cluster_254337786_31404743': 13, 'cluster_537912_578689': 27,
2150.0,'GS_cluster_14485274_151021003_2335517648_254337785_#1more': -1.8080357, 'cluster_254337786_31404743': -3.40625, 'cluster_537912_578689': -3.674107,'GS_cluster_14485274_151021003_2335517648_254337785_#1more': 4, 'cluster_254337786_31404743': 4, 'cluster_537912_578689': 8,'GS_cluster_14485274_151021003_2335517648_254337785_#1more': 7, 'cluster_254337786_31404743': 14, 'cluster_537912_578689': 11,
2175.0,'GS_cluster_14485274_151021003_2335517648_254337785_#1more': -2.7276785, 'cluster_254337786_31404743': -4.0, 'cluster_537912_578689': -4.0,'GS_cluster_14485274_151021003_2335517648_254337785_#1more': 5, 'cluster_254337786_31404743': 4, 'cluster_537912_578689': 9,'GS_cluster_14485274_151021003_2335517648_254337785_#1more': 10, 'cluster_254337786_31404743': 15, 'cluster_537912_578689': 16,
2200.0,'GS_cluster_14485274_151021003_2335517648_254337785_#1more': -4.0, 'cluster_254337786_31404743': -4.0, 'cluster_537912_578689': -1.7008928,'GS_cluster_14485274_151021003_2335517648_254337785_#1more': 5, 'cluster_254337786_31404743': 4, 'cluster_537912_578689': 4,'GS_cluster_14485274_151021003_2335517648_254337785_#1more': 12, 'cluster_254337786_31404743': 18, 'cluster_537912_578689': 10,
2225.0,'GS_cluster_14485274_151021003_2335517648_254337785_#1more': -4.0, 'cluster_254337786_31404743': -1.2232143, 'cluster_537912_578689': -1.6517857,'GS_cluster_14485274_151021003_2335517648_254337785_#1more': 5, 'cluster_254337786_31404743': 4, 'cluster_537912_578689': 4,'GS_cluster_14485274_151021003_2335517648_254337785_#1more': 15, 'cluster_254337786_31404743': 8, 'cluster_537912_578689': 9,
2250.0,'GS_cluster_14485274_151021003_2335517648_254337785_#1more': -4.0, 'cluster_254337786_31404743': -1.8303572, 'cluster_537912_578689': -1.1517857,'GS_cluster_14485274_151021003_2335517648_254337785_#1more': 6, 'cluster_254337786_31404743': 6, 'cluster_537912_578689': 2,'GS_cluster_14485274_151021003_2335517648_254337785_#1more': 15, 'cluster_254337786_31404743': 10, 'cluster_537912_578689': 6,
2275.0,'GS_cluster_14485274_151021003_2335517648_254337785_#1more': -2.2544644, 'cluster_254337786_31404743': -2.8169644, 'cluster_537912_578689': -1.9910715,'GS_cluster_14485274_151021003_2335517648_254337785_#1more': 4, 'cluster_254337786_31404743': 7, 'cluster_537912_578689': 3,'GS_cluster_14485274_151021003_2335517648_254337785_#1more': 14, 'cluster_254337786_31404743': 11, 'cluster_537912_578689': 9,
2300.0,'GS_cluster_14485274_151021003_2335517648_254337785_#1more': -3.392857, 'cluster_254337786_31404743': -4.0, 'cluster_537912_578689': -3.3482144,'GS_cluster_14485274_151021003_2335517648_254337785_#1more': 3, 'cluster_254337786_31404743': 8, 'cluster_537912_578689': 4,'GS_cluster_14485274_151021003_2335517648_254337785_#1more': 17, 'cluster_254337786_31404743': 12, 'cluster_537912_578689': 15,
2325.0,'GS_cluster_14485274_151021003_2335517648_254337785_#1more': -4.0, 'cluster_254337786_31404743': -4.0, 'cluster_537912_578689': -4.0,'GS_cluster_14485274_151021003_2335517648_254337785_#1more': 4, 'cluster_254337786_31404743': 8, 'cluster_537912_578689': 5,'GS_cluster_14485274_151021003_2335517648_254337785_#1more': 19, 'cluster_254337786_31404743': 16, 'cluster_537912_578689': 19,
2350.0,'GS_cluster_14485274_151021003_2335517648_254337785_#1more': -4.0, 'cluster_254337786_31404743': -4.0, 'cluster_537912_578689': -4.0,'GS_cluster_14485274_151021003_2335517648_254337785_#1more': 4, 'cluster_254337786_31404743': 8, 'cluster_537912_578689': 6,'GS_cluster_14485274_151021003_2335517648_254337785_#1more': 21, 'cluster_254337786_31404743': 12, 'cluster_537912_578689': 23,
2375.0,'GS_cluster_14485274_151021003_2335517648_254337785_#1more': -4.0, 'cluster_254337786_31404743': -0.89285713, 'cluster_537912_578689': -4.0,'GS_cluster_14485274_151021003_2335517648_254337785_#1more': 4, 'cluster_254337786_31404743': 1, 'cluster_537912_578689': 9,'GS_cluster_14485274_151021003_2335517648_254337785_#1more': 22, 'cluster_254337786_31404743': 6, 'cluster_537912_578689': 16,
2400.0,'GS_cluster_14485274_151021003_2335517648_254337785_#1more': -4.0, 'cluster_254337786_31404743': -1.9017857, 'cluster_537912_578689': -4.0,'GS_cluster_14485274_151021003_2335517648_254337785_#1more': 7, 'cluster_254337786_31404743': 3, 'cluster_537912_578689': 9,'GS_cluster_14485274_151021003_2335517648_254337785_#1more': 29, 'cluster_254337786_31404743': 12, 'cluster_537912_578689': 15,
2425.0,'GS_cluster_14485274_151021003_2335517648_254337785_#1more': -4.0, 'cluster_254337786_31404743': -2.330357, 'cluster_537912_578689': -1.46875,'GS_cluster_14485274_151021003_2335517648_254337785_#1more': 8, 'cluster_254337786_31404743': 3, 'cluster_537912_578689': 4,'GS_cluster_14485274_151021003_2335517648_254337785_#1more': 42, 'cluster_254337786_31404743': 8, 'cluster_537912_578689': 6,
2450.0,'GS_cluster_14485274_151021003_2335517648_254337785_#1more': -4.0, 'cluster_254337786_31404743': -0.5401786, 'cluster_537912_578689': -2.1160715,'GS_cluster_14485274_151021003_2335517648_254337785_#1more': 8, 'cluster_254337786_31404743': 2, 'cluster_537912_578689': 5,'GS_cluster_14485274_151021003_2335517648_254337785_#1more': 51, 'cluster_254337786_31404743': 4, 'cluster_537912_578689': 8,
2475.0,'GS_cluster_14485274_151021003_2335517648_254337785_#1more': -1.1428572, 'cluster_254337786_31404743': -0.4732143, 'cluster_537912_578689': -1.0044643,'GS_cluster_14485274_151021003_2335517648_254337785_#1more': 4, 'cluster_254337786_31404743': 1, 'cluster_537912_578689': 2,'GS_cluster_14485274_151021003_2335517648_254337785_#1more': 7, 'cluster_254337786_31404743': 3, 'cluster_537912_578689': 7,
2500.0,'GS_cluster_14485274_151021003_2335517648_254337785_#1more': -2.0982144, 'cluster_254337786_31404743': -0.9910714, 'cluster_537912_578689': -2.294643,'GS_cluster_14485274_151021003_2335517648_254337785_#1more': 4, 'cluster_254337786_31404743': 2, 'cluster_537912_578689': 5,'GS_cluster_14485274_151021003_2335517648_254337785_#1more': 13, 'cluster_254337786_31404743': 11, 'cluster_537912_578689': 18,
2525.0,'GS_cluster_14485274_151021003_2335517648_254337785_#1more': -1.9151785, 'cluster_254337786_31404743': -2.892857, 'cluster_537912_578689': -4.0,'GS_cluster_14485274_151021003_2335517648_254337785_#1more': 4, 'cluster_254337786_31404743': 4, 'cluster_537912_578689': 5,'GS_cluster_14485274_151021003_2335517648_254337785_#1more': 12, 'cluster_254337786_31404743': 25, 'cluster_537912_578689': 20,
2550.0,'GS_cluster_14485274_151021003_2335517648_254337785_#1more': -1.7053572, 'cluster_254337786_31404743': -4.0, 'cluster_537912_578689': -2.84375,'GS_cluster_14485274_151021003_2335517648_254337785_#1more': 3, 'cluster_254337786_31404743': 4, 'cluster_537912_578689': 5,'GS_cluster_14485274_151021003_2335517648_254337785_#1more': 8, 'cluster_254337786_31404743': 22, 'cluster_537912_578689': 11,
2575.0,'GS_cluster_14485274_151021003_2335517648_254337785_#1more': -0.6473214, 'cluster_254337786_31404743': -1.1607143, 'cluster_537912_578689': -3.486607,'GS_cluster_14485274_151021003_2335517648_254337785_#1more': 2, 'cluster_254337786_31404743': 5, 'cluster_537912_578689': 5,'GS_cluster_14485274_151021003_2335517648_254337785_#1more': 8, 'cluster_254337786_31404743': 11, 'cluster_537912_578689': 11,
2600.0,'GS_cluster_14485274_151021003_2335517648_254337785_#1more': -1.9285715, 'cluster_254337786_31404743': -2.075893, 'cluster_537912_578689': -4.0,'GS_cluster_14485274_151021003_2335517648_254337785_#1more': 3, 'cluster_254337786_31404743': 7, 'cluster_537912_578689': 5,'GS_cluster_14485274_151021003_2335517648_254337785_#1more': 15, 'cluster_254337786_31404743': 10, 'cluster_537912_578689': 14,
2625.0,'GS_cluster_14485274_151021003_2335517648_254337785_#1more': -1.1696428, 'cluster_254337786_31404743': -3.4330356, 'cluster_537912_578689': -4.0,'GS_cluster_14485274_151021003_2335517648_254337785_#1more': 2, 'cluster_254337786_31404743': 9, 'cluster_537912_578689': 5,'GS_cluster_14485274_151021003_2335517648_254337785_#1more': 6, 'cluster_254337786_31404743': 14, 'cluster_537912_578689': 15,
2650.0,'GS_cluster_14485274_151021003_2335517648_254337785_#1more': -1.0669643, 'cluster_254337786_31404743': -4.0, 'cluster_537912_578689': -4.0,'GS_cluster_14485274_151021003_2335517648_254337785_#1more': 1, 'cluster_254337786_31404743': 9, 'cluster_537912_578689': 5,'GS_cluster_14485274_151021003_2335517648_254337785_#1more': 4, 'cluster_254337786_31404743': 17, 'cluster_537912_578689': 22,
2675.0,'GS_cluster_14485274_151021003_2335517648_254337785_#1more': -1.3303572, 'cluster_254337786_31404743': -4.0, 'cluster_537912_578689': -4.0,'GS_cluster_14485274_151021003_2335517648_254337785_#1more': 1, 'cluster_254337786_31404743': 12, 'cluster_537912_578689': 5,'GS_cluster_14485274_151021003_2335517648_254337785_#1more': 4, 'cluster_254337786_31404743': 19, 'cluster_537912_578689': 18,
2700.0,'GS_cluster_14485274_151021003_2335517648_254337785_#1more': -0.48214287, 'cluster_254337786_31404743': -3.0044644, 'cluster_537912_578689': -4.0,'GS_cluster_14485274_151021003_2335517648_254337785_#1more': 2, 'cluster_254337786_31404743': 4, 'cluster_537912_578689': 6,'GS_cluster_14485274_151021003_2335517648_254337785_#1more': 4, 'cluster_254337786_31404743': 12, 'cluster_537912_578689': 20,
2725.0,'GS_cluster_14485274_151021003_2335517648_254337785_#1more': -0.73660713, 'cluster_254337786_31404743': -3.8035715, 'cluster_537912_578689': -4.0,'GS_cluster_14485274_151021003_2335517648_254337785_#1more': 2, 'cluster_254337786_31404743': 4, 'cluster_537912_578689': 5,'GS_cluster_14485274_151021003_2335517648_254337785_#1more': 9, 'cluster_254337786_31404743': 15, 'cluster_537912_578689': 13,
2750.0,'GS_cluster_14485274_151021003_2335517648_254337785_#1more': -0.4419643, 'cluster_254337786_31404743': -3.25, 'cluster_537912_578689': -4.0,'GS_cluster_14485274_151021003_2335517648_254337785_#1more': 2, 'cluster_254337786_31404743': 4, 'cluster_537912_578689': 5,'GS_cluster_14485274_151021003_2335517648_254337785_#1more': 5, 'cluster_254337786_31404743': 8, 'cluster_537912_578689': 14,
2775.0,'GS_cluster_14485274_151021003_2335517648_254337785_#1more': -0.9910714, 'cluster_254337786_31404743': -4.0, 'cluster_537912_578689': -2.0044644,'GS_cluster_14485274_151021003_2335517648_254337785_#1more': 3, 'cluster_254337786_31404743': 4, 'cluster_537912_578689': 3,'GS_cluster_14485274_151021003_2335517648_254337785_#1more': 8, 'cluster_254337786_31404743': 9, 'cluster_537912_578689': 14,
2800.0,'GS_cluster_14485274_151021003_2335517648_254337785_#1more': -1.5758928, 'cluster_254337786_31404743': -1.3303572, 'cluster_537912_578689': -3.9017856,'GS_cluster_14485274_151021003_2335517648_254337785_#1more': 4, 'cluster_254337786_31404743': 5, 'cluster_537912_578689': 5,'GS_cluster_14485274_151021003_2335517648_254337785_#1more': 12, 'cluster_254337786_31404743': 10, 'cluster_537912_578689': 21,
2825.0,'GS_cluster_14485274_151021003_2335517648_254337785_#1more': -3.263393, 'cluster_254337786_31404743': -2.2410715, 'cluster_537912_578689': -4.0,'GS_cluster_14485274_151021003_2335517648_254337785_#1more': 4, 'cluster_254337786_31404743': 5, 'cluster_537912_578689': 5,'GS_cluster_14485274_151021003_2335517648_254337785_#1more': 17, 'cluster_254337786_31404743': 9, 'cluster_537912_578689': 24,
2850.0,'GS_cluster_14485274_151021003_2335517648_254337785_#1more': -1.6919643, 'cluster_254337786_31404743': -1.09375, 'cluster_537912_578689': -4.0,'GS_cluster_14485274_151021003_2335517648_254337785_#1more': 3, 'cluster_254337786_31404743': 4, 'cluster_537912_578689': 5,'GS_cluster_14485274_151021003_2335517648_254337785_#1more': 7, 'cluster_254337786_31404743': 8, 'cluster_537912_578689': 26,
2875.0,'GS_cluster_14485274_151021003_2335517648_254337785_#1more': -0.73214287, 'cluster_254337786_31404743': -2.1205356, 'cluster_537912_578689': -4.0,'GS_cluster_14485274_151021003_2335517648_254337785_#1more': 3, 'cluster_254337786_31404743': 6, 'cluster_537912_578689': 5,'GS_cluster_14485274_151021003_2335517648_254337785_#1more': 7, 'cluster_254337786_31404743': 14, 'cluster_537912_578689': 30,
2900.0,'GS_cluster_14485274_151021003_2335517648_254337785_#1more': -1.0625, 'cluster_254337786_31404743': -3.3705356, 'cluster_537912_578689': -4.0,'GS_cluster_14485274_151021003_2335517648_254337785_#1more': 2, 'cluster_254337786_31404743': 8, 'cluster_537912_578689': 5,'GS_cluster_14485274_151021003_2335517648_254337785_#1more': 9, 'cluster_254337786_31404743': 14, 'cluster_537912_578689': 32,
2925.0,'GS_cluster_14485274_151021003_2335517648_254337785_#1more': -0.6160714, 'cluster_254337786_31404743': -1.65625, 'cluster_537912_578689': -4.0,'GS_cluster_14485274_151021003_2335517648_254337785_#1more': 2, 'cluster_254337786_31404743': 4, 'cluster_537912_578689': 5,'GS_cluster_14485274_151021003_2335517648_254337785_#1more': 3, 'cluster_254337786_31404743': 5, 'cluster_537912_578689': 33,
2950.0,'GS_cluster_14485274_151021003_2335517648_254337785_#1more': -1.0133928, 'cluster_254337786_31404743': -2.607143, 'cluster_537912_578689': -2.8705356,'GS_cluster_14485274_151021003_2335517648_254337785_#1more': 2, 'cluster_254337786_31404743': 4, 'cluster_537912_578689': 6,'GS_cluster_14485274_151021003_2335517648_254337785_#1more': 4, 'cluster_254337786_31404743': 11, 'cluster_537912_578689': 13,
2975.0,'GS_cluster_14485274_151021003_2335517648_254337785_#1more': -0.875, 'cluster_254337786_31404743': -3.8794644, 'cluster_537912_578689': -4.0,'GS_cluster_14485274_151021003_2335517648_254337785_#1more': 2, 'cluster_254337786_31404743': 4, 'cluster_537912_578689': 6,'GS_cluster_14485274_151021003_2335517648_254337785_#1more': 9, 'cluster_254337786_31404743': 13, 'cluster_537912_578689': 16,
3000.0,'GS_cluster_14485274_151021003_2335517648_254337785_#1more': -2.0089285, 'cluster_254337786_31404743': -4.0, 'cluster_537912_578689': -4.0,'GS_cluster_14485274_151021003_2335517648_254337785_#1more': 3, 'cluster_254337786_31404743': 4, 'cluster_537912_578689': 6,'GS_cluster_14485274_151021003_2335517648_254337785_#1more': 11, 'cluster_254337786_31404743': 15, 'cluster_537912_578689': 13,
3025.0,'GS_cluster_14485274_151021003_2335517648_254337785_#1more': -2.5, 'cluster_254337786_31404743': -3.138393, 'cluster_537912_578689': -2.4151785,'GS_cluster_14485274_151021003_2335517648_254337785_#1more': 3, 'cluster_254337786_31404743': 4, 'cluster_537912_578689': 6,'GS_cluster_14485274_151021003_2335517648_254337785_#1more': 14, 'cluster_254337786_31404743': 14, 'cluster_537912_578689': 10,
3050.0,'GS_cluster_14485274_151021003_2335517648_254337785_#1more': -4.0, 'cluster_254337786_31404743': -4.0, 'cluster_537912_578689': -3.5267856,'GS_cluster_14485274_151021003_2335517648_254337785_#1more': 5, 'cluster_254337786_31404743': 6, 'cluster_537912_578689': 7,'GS_cluster_14485274_151021003_2335517648_254337785_#1more': 21, 'cluster_254337786_31404743': 22, 'cluster_537912_578689': 13,
3075.0,'GS_cluster_14485274_151021003_2335517648_254337785_#1more': -4.0, 'cluster_254337786_31404743': -2.3973215, 'cluster_537912_578689': -4.0,'GS_cluster_14485274_151021003_2335517648_254337785_#1more': 5, 'cluster_254337786_31404743': 7, 'cluster_537912_578689': 7,'GS_cluster_14485274_151021003_2335517648_254337785_#1more': 20, 'cluster_254337786_31404743': 15, 'cluster_537912_578689': 15,
3100.0,'GS_cluster_14485274_151021003_2335517648_254337785_#1more': -4.0, 'cluster_254337786_31404743': -2.8125, 'cluster_537912_578689': -2.2142856,'GS_cluster_14485274_151021003_2335517648_254337785_#1more': 5, 'cluster_254337786_31404743': 8, 'cluster_537912_578689': 3,'GS_cluster_14485274_151021003_2335517648_254337785_#1more': 26, 'cluster_254337786_31404743': 11, 'cluster_537912_578689': 10,
3125.0,'GS_cluster_14485274_151021003_2335517648_254337785_#1more': -4.0, 'cluster_254337786_31404743': -0.59821427, 'cluster_537912_578689': -0.59375,'GS_cluster_14485274_151021003_2335517648_254337785_#1more': 7, 'cluster_254337786_31404743': 3, 'cluster_537912_578689': 4,'GS_cluster_14485274_151021003_2335517648_254337785_#1more': 36, 'cluster_254337786_31404743': 7, 'cluster_537912_578689': 6,
3150.0,'GS_cluster_14485274_151021003_2335517648_254337785_#1more': -4.0, 'cluster_254337786_31404743': -0.78125, 'cluster_537912_578689': -0.75,'GS_cluster_14485274_151021003_2335517648_254337785_#1more': 8, 'cluster_254337786_31404743': 2, 'cluster_537912_578689': 4,'GS_cluster_14485274_151021003_2335517648_254337785_#1more': 46, 'cluster_254337786_31404743': 5, 'cluster_537912_578689': 6,
3175.0,'GS_cluster_14485274_151021003_2335517648_254337785_#1more': -4.0, 'cluster_254337786_31404743': -1.5357143, 'cluster_537912_578689': -0.48660713,'GS_cluster_14485274_151021003_2335517648_254337785_#1more': 8, 'cluster_254337786_31404743': 5, 'cluster_537912_578689': 2,'GS_cluster_14485274_151021003_2335517648_254337785_#1more': 52, 'cluster_254337786_31404743': 8, 'cluster_537912_578689': 5,
3200.0,'GS_cluster_14485274_151021003_2335517648_254337785_#1more': -4.0, 'cluster_254337786_31404743': -1.4017857, 'cluster_537912_578689': -0.53571427,'GS_cluster_14485274_151021003_2335517648_254337785_#1more': 8, 'cluster_254337786_31404743': 5, 'cluster_537912_578689': 4,'GS_cluster_14485274_151021003_2335517648_254337785_#1more': 53, 'cluster_254337786_31404743': 12, 'cluster_537912_578689': 6,
3225.0,'GS_cluster_14485274_151021003_2335517648_254337785_#1more': -4.0, 'cluster_254337786_31404743': -2.6785715, 'cluster_537912_578689': -1.2946428,'GS_cluster_14485274_151021003_2335517648_254337785_#1more': 9, 'cluster_254337786_31404743': 7, 'cluster_537912_578689': 6,'GS_cluster_14485274_151021003_2335517648_254337785_#1more': 55, 'cluster_254337786_31404743': 13, 'cluster_537912_578689': 9,
3250.0,'GS_cluster_14485274_151021003_2335517648_254337785_#1more': -3.767857, 'cluster_254337786_31404743': -2.892857, 'cluster_537912_578689': -0.7276786,'GS_cluster_14485274_151021003_2335517648_254337785_#1more': 8, 'cluster_254337786_31404743': 10, 'cluster_537912_578689': 3,'GS_cluster_14485274_151021003_2335517648_254337785_#1more': 16, 'cluster_254337786_31404743': 11, 'cluster_537912_578689': 5,
3275.0,'GS_cluster_14485274_151021003_2335517648_254337785_#1more': -4.0, 'cluster_254337786_31404743': -4.0, 'cluster_537912_578689': -0.98660713,'GS_cluster_14485274_151021003_2335517648_254337785_#1more': 8, 'cluster_254337786_31404743': 10, 'cluster_537912_578689': 5,'GS_cluster_14485274_151021003_2335517648_254337785_#1more': 25, 'cluster_254337786_31404743': 13, 'cluster_537912_578689': 15,
3300.0,'GS_cluster_14485274_151021003_2335517648_254337785_#1more': -4.0, 'cluster_254337786_31404743': -1.8125, 'cluster_537912_578689': -1.8035715,'GS_cluster_14485274_151021003_2335517648_254337785_#1more': 8, 'cluster_254337786_31404743': 4, 'cluster_537912_578689': 5,'GS_cluster_14485274_151021003_2335517648_254337785_#1more': 29, 'cluster_254337786_31404743': 18, 'cluster_537912_578689': 12,
3325.0,'GS_cluster_14485274_151021003_2335517648_254337785_#1more': -4.0, 'cluster_254337786_31404743': -2.017857, 'cluster_537912_578689': -3.2767856,'GS_cluster_14485274_151021003_2335517648_254337785_#1more': 8, 'cluster_254337786_31404743': 5, 'cluster_537912_578689': 5,'GS_cluster_14485274_151021003_2335517648_254337785_#1more': 34, 'cluster_254337786_31404743': 11, 'cluster_537912_578689': 15,
3350.0,'GS_cluster_14485274_151021003_2335517648_254337785_#1more': -4.0, 'cluster_254337786_31404743': -3.2455356, 'cluster_537912_578689': -4.0,'GS_cluster_14485274_151021003_2335517648_254337785_#1more': 8, 'cluster_254337786_31404743': 5, 'cluster_537912_578689': 5,'GS_cluster_14485274_151021003_2335517648_254337785_#1more': 41, 'cluster_254337786_31404743': 11, 'cluster_537912_578689': 17,
3375.0,'GS_cluster_14485274_151021003_2335517648_254337785_#1more': -4.0, 'cluster_254337786_31404743': -2.732143, 'cluster_537912_578689': -1.5714285,'GS_cluster_14485274_151021003_2335517648_254337785_#1more': 8, 'cluster_254337786_31404743': 4, 'cluster_537912_578689': 4,'GS_cluster_14485274_151021003_2335517648_254337785_#1more': 45, 'cluster_254337786_31404743': 8, 'cluster_537912_578689': 8,
3400.0,'GS_cluster_14485274_151021003_2335517648_254337785_#1more': -4.0, 'cluster_254337786_31404743': -2.982143, 'cluster_537912_578689': -2.6160715,'GS_cluster_14485274_151021003_2335517648_254337785_#1more': 9, 'cluster_254337786_31404743': 4, 'cluster_537912_578689': 7,'GS_cluster_14485274_151021003_2335517648_254337785_#1more': 18, 'cluster_254337786_31404743': 11, 'cluster_537912_578689': 11,
3425.0,'GS_cluster_14485274_151021003_2335517648_254337785_#1more': -0.5, 'cluster_254337786_31404743': -0.90625, 'cluster_537912_578689': -1.5892857,'GS_cluster_14485274_151021003_2335517648_254337785_#1more': 2, 'cluster_254337786_31404743': 4, 'cluster_537912_578689': 5,'GS_cluster_14485274_151021003_2335517648_254337785_#1more': 7, 'cluster_254337786_31404743': 9, 'cluster_537912_578689': 18,
3450.0,'GS_cluster_14485274_151021003_2335517648_254337785_#1more': -1.9196428, 'cluster_254337786_31404743': -2.205357, 'cluster_537912_578689': -2.0580356,'GS_cluster_14485274_151021003_2335517648_254337785_#1more': 6, 'cluster_254337786_31404743': 4, 'cluster_537912_578689': 3,'GS_cluster_14485274_151021003_2335517648_254337785_#1more': 18, 'cluster_254337786_31404743': 14, 'cluster_537912_578689': 10,
3475.0,'GS_cluster_14485274_151021003_2335517648_254337785_#1more': -2.9732144, 'cluster_254337786_31404743': -3.8839285, 'cluster_537912_578689': -3.2410715,'GS_cluster_14485274_151021003_2335517648_254337785_#1more': 5, 'cluster_254337786_31404743': 4, 'cluster_537912_578689': 3,'GS_cluster_14485274_151021003_2335517648_254337785_#1more': 16, 'cluster_254337786_31404743': 16, 'cluster_537912_578689': 11,
3500.0,'GS_cluster_14485274_151021003_2335517648_254337785_#1more': -1.4017857, 'cluster_254337786_31404743': -4.0, 'cluster_537912_578689': -1.9017857,'GS_cluster_14485274_151021003_2335517648_254337785_#1more': 3, 'cluster_254337786_31404743': 4, 'cluster_537912_578689': 4,'GS_cluster_14485274_151021003_2335517648_254337785_#1more': 5, 'cluster_254337786_31404743': 15, 'cluster_537912_578689': 10,
3525.0,'GS_cluster_14485274_151021003_2335517648_254337785_#1more': -0.22767857, 'cluster_254337786_31404743': -4.0, 'cluster_537912_578689': -2.3482144,'GS_cluster_14485274_151021003_2335517648_254337785_#1more': 1, 'cluster_254337786_31404743': 4, 'cluster_537912_578689': 4,'GS_cluster_14485274_151021003_2335517648_254337785_#1more': 3, 'cluster_254337786_31404743': 19, 'cluster_537912_578689': 9,
3550.0,'GS_cluster_14485274_151021003_2335517648_254337785_#1more': -0.3794643, 'cluster_254337786_31404743': -4.0, 'cluster_537912_578689': -3.8348215,'GS_cluster_14485274_151021003_2335517648_254337785_#1more': 3, 'cluster_254337786_31404743': 5, 'cluster_537912_578689': 5,'GS_cluster_14485274_151021003_2335517648_254337785_#1more': 6, 'cluster_254337786_31404743': 24, 'cluster_537912_578689': 15,
3575.0,'GS_cluster_14485274_151021003_2335517648_254337785_#1more': -1.1339285, 'cluster_254337786_31404743': -1.875, 'cluster_537912_578689': -4.0,'GS_cluster_14485274_151021003_2335517648_254337785_#1more': 3, 'cluster_254337786_31404743': 7, 'cluster_537912_578689': 4,'GS_cluster_14485274_151021003_2335517648_254337785_#1more': 9, 'cluster_254337786_31404743': 10, 'cluster_537912_578689': 16,
3600.0,'GS_cluster_14485274_151021003_2335517648_254337785_#1more': -2.0535715, 'cluster_254337786_31404743': -0.8125, 'cluster_537912_578689': -2.6205356,'GS_cluster_14485274_151021003_2335517648_254337785_#1more': 4, 'cluster_254337786_31404743': 4, 'cluster_537912_578689': 4,'GS_cluster_14485274_151021003_2335517648_254337785_#1more': 12, 'cluster_254337786_31404743': 6, 'cluster_537912_578689': 5,
