25.0,'GS_cluster_14485274_151021003_2335517648_254337785_#1more': -8.0, 'cluster_254337786_31404743': 0, 'cluster_537912_578689': -12.0,'GS_cluster_14485274_151021003_2335517648_254337785_#1more': 1, 'cluster_254337786_31404743': 0, 'cluster_537912_578689': 1,'GS_cluster_14485274_151021003_2335517648_254337785_#1more': 1, 'cluster_254337786_31404743': 0, 'cluster_537912_578689': 1,
50.0,'GS_cluster_14485274_151021003_2335517648_254337785_#1more': -55.0, 'cluster_254337786_31404743': 0, 'cluster_537912_578689': -62.0,'GS_cluster_14485274_151021003_2335517648_254337785_#1more': 1, 'cluster_254337786_31404743': 0, 'cluster_537912_578689': 1,'GS_cluster_14485274_151021003_2335517648_254337785_#1more': 2, 'cluster_254337786_31404743': 0, 'cluster_537912_578689': 3,
75.0,'GS_cluster_14485274_151021003_2335517648_254337785_#1more': -7.0, 'cluster_254337786_31404743': -22.0, 'cluster_537912_578689': -108.0,'GS_cluster_14485274_151021003_2335517648_254337785_#1more': 1, 'cluster_254337786_31404743': 1, 'cluster_537912_578689': 2,'GS_cluster_14485274_151021003_2335517648_254337785_#1more': 2, 'cluster_254337786_31404743': 2, 'cluster_537912_578689': 8,
100.0,'GS_cluster_14485274_151021003_2335517648_254337785_#1more': -119.0, 'cluster_254337786_31404743': -79.0, 'cluster_537912_578689': -202.0,'GS_cluster_14485274_151021003_2335517648_254337785_#1more': 2, 'cluster_254337786_31404743': 2, 'cluster_537912_578689': 3,'GS_cluster_14485274_151021003_2335517648_254337785_#1more': 7, 'cluster_254337786_31404743': 4, 'cluster_537912_578689': 8,
125.0,'GS_cluster_14485274_151021003_2335517648_254337785_#1more': -415.0, 'cluster_254337786_31404743': -197.0, 'cluster_537912_578689': -267.0,'GS_cluster_14485274_151021003_2335517648_254337785_#1more': 2, 'cluster_254337786_31404743': 3, 'cluster_537912_578689': 5,'GS_cluster_14485274_151021003_2335517648_254337785_#1more': 15, 'cluster_254337786_31404743': 7, 'cluster_537912_578689': 12,
150.0,'GS_cluster_14485274_151021003_2335517648_254337785_#1more': -589.0, 'cluster_254337786_31404743': -238.0, 'cluster_537912_578689': -365.0,'GS_cluster_14485274_151021003_2335517648_254337785_#1more': 2, 'cluster_254337786_31404743': 3, 'cluster_537912_578689': 7,'GS_cluster_14485274_151021003_2335517648_254337785_#1more': 12, 'cluster_254337786_31404743': 7, 'cluster_537912_578689': 11,
175.0,'GS_cluster_14485274_151021003_2335517648_254337785_#1more': -154.0, 'cluster_254337786_31404743': -180.0, 'cluster_537912_578689': -459.0,'GS_cluster_14485274_151021003_2335517648_254337785_#1more': 2, 'cluster_254337786_31404743': 2, 'cluster_537912_578689': 8,'GS_cluster_14485274_151021003_2335517648_254337785_#1more': 5, 'cluster_254337786_31404743': 6, 'cluster_537912_578689': 9,
200.0,'GS_cluster_14485274_151021003_2335517648_254337785_#1more': -99.0, 'cluster_254337786_31404743': -87.0, 'cluster_537912_578689': -801.0,'GS_cluster_14485274_151021003_2335517648_254337785_#1more': 2, 'cluster_254337786_31404743': 2, 'cluster_537912_578689': 10,'GS_cluster_14485274_151021003_2335517648_254337785_#1more': 5, 'cluster_254337786_31404743': 6, 'cluster_537912_578689': 16,
225.0,'GS_cluster_14485274_151021003_2335517648_254337785_#1more': -101.0, 'cluster_254337786_31404743': -292.0, 'cluster_537912_578689': -274.0,'GS_cluster_14485274_151021003_2335517648_254337785_#1more': 1, 'cluster_254337786_31404743': 4, 'cluster_537912_578689': 4,'GS_cluster_14485274_151021003_2335517648_254337785_#1more': 2, 'cluster_254337786_31404743': 13, 'cluster_537912_578689': 8,
250.0,'GS_cluster_14485274_151021003_2335517648_254337785_#1more': -123.0, 'cluster_254337786_31404743': -403.0, 'cluster_537912_578689': -272.0,'GS_cluster_14485274_151021003_2335517648_254337785_#1more': 2, 'cluster_254337786_31404743': 4, 'cluster_537912_578689': 4,'GS_cluster_14485274_151021003_2335517648_254337785_#1more': 9, 'cluster_254337786_31404743': 12, 'cluster_537912_578689': 8,
275.0,'GS_cluster_14485274_151021003_2335517648_254337785_#1more': -361.0, 'cluster_254337786_31404743': -360.0, 'cluster_537912_578689': -538.0,'GS_cluster_14485274_151021003_2335517648_254337785_#1more': 3, 'cluster_254337786_31404743': 5, 'cluster_537912_578689': 5,'GS_cluster_14485274_151021003_2335517648_254337785_#1more': 14, 'cluster_254337786_31404743': 11, 'cluster_537912_578689': 13,
300.0,'GS_cluster_14485274_151021003_2335517648_254337785_#1more': -191.0, 'cluster_254337786_31404743': -256.0, 'cluster_537912_578689': -562.0,'GS_cluster_14485274_151021003_2335517648_254337785_#1more': 2, 'cluster_254337786_31404743': 3, 'cluster_537912_578689': 6,'GS_cluster_14485274_151021003_2335517648_254337785_#1more': 5, 'cluster_254337786_31404743': 7, 'cluster_537912_578689': 9,
325.0,'GS_cluster_14485274_151021003_2335517648_254337785_#1more': -91.0, 'cluster_254337786_31404743': -210.0, 'cluster_537912_578689': -873.0,'GS_cluster_14485274_151021003_2335517648_254337785_#1more': 2, 'cluster_254337786_31404743': 4, 'cluster_537912_578689': 7,'GS_cluster_14485274_151021003_2335517648_254337785_#1more': 4, 'cluster_254337786_31404743': 10, 'cluster_537912_578689': 15,
350.0,'GS_cluster_14485274_151021003_2335517648_254337785_#1more': -220.0, 'cluster_254337786_31404743': -381.0, 'cluster_537912_578689': -335.0,'GS_cluster_14485274_151021003_2335517648_254337785_#1more': 3, 'cluster_254337786_31404743': 4, 'cluster_537912_578689': 4,'GS_cluster_14485274_151021003_2335517648_254337785_#1more': 9, 'cluster_254337786_31404743': 10, 'cluster_537912_578689': 10,
375.0,'GS_cluster_14485274_151021003_2335517648_254337785_#1more': -159.0, 'cluster_254337786_31404743': -528.0, 'cluster_537912_578689': -661.0,'GS_cluster_14485274_151021003_2335517648_254337785_#1more': 1, 'cluster_254337786_31404743': 4, 'cluster_537912_578689': 5,'GS_cluster_14485274_151021003_2335517648_254337785_#1more': 3, 'cluster_254337786_31404743': 11, 'cluster_537912_578689': 16,
400.0,'GS_cluster_14485274_151021003_2335517648_254337785_#1more': -128.0, 'cluster_254337786_31404743': -303.0, 'cluster_537912_578689': -1045.0,'GS_cluster_14485274_151021003_2335517648_254337785_#1more': 1, 'cluster_254337786_31404743': 2, 'cluster_537912_578689': 5,'GS_cluster_14485274_151021003_2335517648_254337785_#1more': 5, 'cluster_254337786_31404743': 6, 'cluster_537912_578689': 23,
425.0,'GS_cluster_14485274_151021003_2335517648_254337785_#1more': -152.0, 'cluster_254337786_31404743': -223.0, 'cluster_537912_578689': -823.0,'GS_cluster_14485274_151021003_2335517648_254337785_#1more': 3, 'cluster_254337786_31404743': 3, 'cluster_537912_578689': 5,'GS_cluster_14485274_151021003_2335517648_254337785_#1more': 6, 'cluster_254337786_31404743': 10, 'cluster_537912_578689': 10,
450.0,'GS_cluster_14485274_151021003_2335517648_254337785_#1more': -79.0, 'cluster_254337786_31404743': -268.0, 'cluster_537912_578689': -1112.0,'GS_cluster_14485274_151021003_2335517648_254337785_#1more': 2, 'cluster_254337786_31404743': 2, 'cluster_537912_578689': 5,'GS_cluster_14485274_151021003_2335517648_254337785_#1more': 4, 'cluster_254337786_31404743': 9, 'cluster_537912_578689': 12,
475.0,'GS_cluster_14485274_151021003_2335517648_254337785_#1more': -84.0, 'cluster_254337786_31404743': -511.0, 'cluster_537912_578689': -1361.0,'GS_cluster_14485274_151021003_2335517648_254337785_#1more': 2, 'cluster_254337786_31404743': 3, 'cluster_537912_578689': 5,'GS_cluster_14485274_151021003_2335517648_254337785_#1more': 4, 'cluster_254337786_31404743': 15, 'cluster_537912_578689': 16,
500.0,'GS_cluster_14485274_151021003_2335517648_254337785_#1more': -265.0, 'cluster_254337786_31404743': -953.0, 'cluster_537912_578689': -1645.0,'GS_cluster_14485274_151021003_2335517648_254337785_#1more': 3, 'cluster_254337786_31404743': 4, 'cluster_537912_578689': 5,'GS_cluster_14485274_151021003_2335517648_254337785_#1more': 10, 'cluster_254337786_31404743': 18, 'cluster_537912_578689': 13,
525.0,'GS_cluster_14485274_151021003_2335517648_254337785_#1more': -193.0, 'cluster_254337786_31404743': -220.0, 'cluster_537912_578689': -1385.0,'GS_cluster_14485274_151021003_2335517648_254337785_#1more': 2, 'cluster_254337786_31404743': 2, 'cluster_537912_578689': 5,'GS_cluster_14485274_151021003_2335517648_254337785_#1more': 8, 'cluster_254337786_31404743': 6, 'cluster_537912_578689': 8,
550.0,'GS_cluster_14485274_151021003_2335517648_254337785_#1more': -199.0, 'cluster_254337786_31404743': -213.0, 'cluster_537912_578689': -1604.0,'GS_cluster_14485274_151021003_2335517648_254337785_#1more': 3, 'cluster_254337786_31404743': 4, 'cluster_537912_578689': 5,'GS_cluster_14485274_151021003_2335517648_254337785_#1more': 7, 'cluster_254337786_31404743': 7, 'cluster_537912_578689': 10,
575.0,'GS_cluster_14485274_151021003_2335517648_254337785_#1more': -389.0, 'cluster_254337786_31404743': -403.0, 'cluster_537912_578689': -1806.0,'GS_cluster_14485274_151021003_2335517648_254337785_#1more': 4, 'cluster_254337786_31404743': 4, 'cluster_537912_578689': 5,'GS_cluster_14485274_151021003_2335517648_254337785_#1more': 10, 'cluster_254337786_31404743': 10, 'cluster_537912_578689': 12,
600.0,'GS_cluster_14485274_151021003_2335517648_254337785_#1more': -363.0, 'cluster_254337786_31404743': -341.0, 'cluster_537912_578689': -229.0,'GS_cluster_14485274_151021003_2335517648_254337785_#1more': 3, 'cluster_254337786_31404743': 3, 'cluster_537912_578689': 4,'GS_cluster_14485274_151021003_2335517648_254337785_#1more': 13, 'cluster_254337786_31404743': 8, 'cluster_537912_578689': 9,
625.0,'GS_cluster_14485274_151021003_2335517648_254337785_#1more': -422.0, 'cluster_254337786_31404743': -343.0, 'cluster_537912_578689': -214.0,'GS_cluster_14485274_151021003_2335517648_254337785_#1more': 3, 'cluster_254337786_31404743': 3, 'cluster_537912_578689': 3,'GS_cluster_14485274_151021003_2335517648_254337785_#1more': 12, 'cluster_254337786_31404743': 11, 'cluster_537912_578689': 8,
650.0,'GS_cluster_14485274_151021003_2335517648_254337785_#1more': -782.0, 'cluster_254337786_31404743': -398.0, 'cluster_537912_578689': -268.0,'GS_cluster_14485274_151021003_2335517648_254337785_#1more': 4, 'cluster_254337786_31404743': 3, 'cluster_537912_578689': 4,'GS_cluster_14485274_151021003_2335517648_254337785_#1more': 19, 'cluster_254337786_31404743': 13, 'cluster_537912_578689': 12,
675.0,'GS_cluster_14485274_151021003_2335517648_254337785_#1more': -314.0, 'cluster_254337786_31404743': -671.0, 'cluster_537912_578689': -307.0,'GS_cluster_14485274_151021003_2335517648_254337785_#1more': 2, 'cluster_254337786_31404743': 3, 'cluster_537912_578689': 3,'GS_cluster_14485274_151021003_2335517648_254337785_#1more': 6, 'cluster_254337786_31404743': 12, 'cluster_537912_578689': 9,
700.0,'GS_cluster_14485274_151021003_2335517648_254337785_#1more': -143.0, 'cluster_254337786_31404743': -300.0, 'cluster_537912_578689': -271.0,'GS_cluster_14485274_151021003_2335517648_254337785_#1more': 1, 'cluster_254337786_31404743': 4, 'cluster_537912_578689': 3,'GS_cluster_14485274_151021003_2335517648_254337785_#1more': 4, 'cluster_254337786_31404743': 11, 'cluster_537912_578689': 6,
725.0,'GS_cluster_14485274_151021003_2335517648_254337785_#1more': -302.0, 'cluster_254337786_31404743': -224.0, 'cluster_537912_578689': -451.0,'GS_cluster_14485274_151021003_2335517648_254337785_#1more': 2, 'cluster_254337786_31404743': 3, 'cluster_537912_578689': 4,'GS_cluster_14485274_151021003_2335517648_254337785_#1more': 7, 'cluster_254337786_31404743': 7, 'cluster_537912_578689': 8,
750.0,'GS_cluster_14485274_151021003_2335517648_254337785_#1more': -261.0, 'cluster_254337786_31404743': -257.0, 'cluster_537912_578689': -282.0,'GS_cluster_14485274_151021003_2335517648_254337785_#1more': 2, 'cluster_254337786_31404743': 4, 'cluster_537912_578689': 2,'GS_cluster_14485274_151021003_2335517648_254337785_#1more': 6, 'cluster_254337786_31404743': 8, 'cluster_537912_578689': 5,
775.0,'GS_cluster_14485274_151021003_2335517648_254337785_#1more': -239.0, 'cluster_254337786_31404743': -376.0, 'cluster_537912_578689': -234.0,'GS_cluster_14485274_151021003_2335517648_254337785_#1more': 4, 'cluster_254337786_31404743': 4, 'cluster_537912_578689': 3,'GS_cluster_14485274_151021003_2335517648_254337785_#1more': 12, 'cluster_254337786_31404743': 8, 'cluster_537912_578689': 11,
800.0,'GS_cluster_14485274_151021003_2335517648_254337785_#1more': -358.0, 'cluster_254337786_31404743': -561.0, 'cluster_537912_578689': -279.0,'GS_cluster_14485274_151021003_2335517648_254337785_#1more': 3, 'cluster_254337786_31404743': 5, 'cluster_537912_578689': 2,'GS_cluster_14485274_151021003_2335517648_254337785_#1more': 13, 'cluster_254337786_31404743': 10, 'cluster_537912_578689': 9,
825.0,'GS_cluster_14485274_151021003_2335517648_254337785_#1more': -142.0, 'cluster_254337786_31404743': -227.0, 'cluster_537912_578689': -571.0,'GS_cluster_14485274_151021003_2335517648_254337785_#1more': 1, 'cluster_254337786_31404743': 4, 'cluster_537912_578689': 3,'GS_cluster_14485274_151021003_2335517648_254337785_#1more': 3, 'cluster_254337786_31404743': 10, 'cluster_537912_578689': 13,
850.0,'GS_cluster_14485274_151021003_2335517648_254337785_#1more': -252.0, 'cluster_254337786_31404743': -178.0, 'cluster_537912_578689': -1028.0,'GS_cluster_14485274_151021003_2335517648_254337785_#1more': 1, 'cluster_254337786_31404743': 2, 'cluster_537912_578689': 5,'GS_cluster_14485274_151021003_2335517648_254337785_#1more': 5, 'cluster_254337786_31404743': 7, 'cluster_537912_578689': 22,
875.0,'GS_cluster_14485274_151021003_2335517648_254337785_#1more': -431.0, 'cluster_254337786_31404743': -186.0, 'cluster_537912_578689': -418.0,'GS_cluster_14485274_151021003_2335517648_254337785_#1more': 3, 'cluster_254337786_31404743': 3, 'cluster_537912_578689': 5,'GS_cluster_14485274_151021003_2335517648_254337785_#1more': 13, 'cluster_254337786_31404743': 9, 'cluster_537912_578689': 9,
900.0,'GS_cluster_14485274_151021003_2335517648_254337785_#1more': -415.0, 'cluster_254337786_31404743': -381.0, 'cluster_537912_578689': -223.0,'GS_cluster_14485274_151021003_2335517648_254337785_#1more': 4, 'cluster_254337786_31404743': 3, 'cluster_537912_578689': 2,'GS_cluster_14485274_151021003_2335517648_254337785_#1more': 17, 'cluster_254337786_31404743': 10, 'cluster_537912_578689': 5,
925.0,'GS_cluster_14485274_151021003_2335517648_254337785_#1more': -293.0, 'cluster_254337786_31404743': -315.0, 'cluster_537912_578689': -216.0,'GS_cluster_14485274_151021003_2335517648_254337785_#1more': 5, 'cluster_254337786_31404743': 3, 'cluster_537912_578689': 2,'GS_cluster_14485274_151021003_2335517648_254337785_#1more': 10, 'cluster_254337786_31404743': 7, 'cluster_537912_578689': 7,
950.0,'GS_cluster_14485274_151021003_2335517648_254337785_#1more': -242.0, 'cluster_254337786_31404743': -36.0, 'cluster_537912_578689': -313.0,'GS_cluster_14485274_151021003_2335517648_254337785_#1more': 3, 'cluster_254337786_31404743': 2, 'cluster_537912_578689': 3,'GS_cluster_14485274_151021003_2335517648_254337785_#1more': 12, 'cluster_254337786_31404743': 4, 'cluster_537912_578689': 14,
975.0,'GS_cluster_14485274_151021003_2335517648_254337785_#1more': -316.0, 'cluster_254337786_31404743': -79.0, 'cluster_537912_578689': -757.0,'GS_cluster_14485274_151021003_2335517648_254337785_#1more': 3, 'cluster_254337786_31404743': 1, 'cluster_537912_578689': 5,'GS_cluster_14485274_151021003_2335517648_254337785_#1more': 8, 'cluster_254337786_31404743': 4, 'cluster_537912_578689': 20,
1000.0,'GS_cluster_14485274_151021003_2335517648_254337785_#1more': -251.0, 'cluster_254337786_31404743': -65.0, 'cluster_537912_578689': -358.0,'GS_cluster_14485274_151021003_2335517648_254337785_#1more': 3, 'cluster_254337786_31404743': 4, 'cluster_537912_578689': 5,'GS_cluster_14485274_151021003_2335517648_254337785_#1more': 9, 'cluster_254337786_31404743': 6, 'cluster_537912_578689': 8,
1025.0,'GS_cluster_14485274_151021003_2335517648_254337785_#1more': -372.0, 'cluster_254337786_31404743': -104.0, 'cluster_537912_578689': -558.0,'GS_cluster_14485274_151021003_2335517648_254337785_#1more': 4, 'cluster_254337786_31404743': 3, 'cluster_537912_578689': 5,'GS_cluster_14485274_151021003_2335517648_254337785_#1more': 17, 'cluster_254337786_31404743': 5, 'cluster_537912_578689': 8,
1050.0,'GS_cluster_14485274_151021003_2335517648_254337785_#1more': -657.0, 'cluster_254337786_31404743': -100.0, 'cluster_537912_578689': -343.0,'GS_cluster_14485274_151021003_2335517648_254337785_#1more': 4, 'cluster_254337786_31404743': 2, 'cluster_537912_578689': 4,'GS_cluster_14485274_151021003_2335517648_254337785_#1more': 17, 'cluster_254337786_31404743': 8, 'cluster_537912_578689': 8,
1075.0,'GS_cluster_14485274_151021003_2335517648_254337785_#1more': -329.0, 'cluster_254337786_31404743': -181.0, 'cluster_537912_578689': -269.0,'GS_cluster_14485274_151021003_2335517648_254337785_#1more': 4, 'cluster_254337786_31404743': 2, 'cluster_537912_578689': 3,'GS_cluster_14485274_151021003_2335517648_254337785_#1more': 6, 'cluster_254337786_31404743': 7, 'cluster_537912_578689': 9,
1100.0,'GS_cluster_14485274_151021003_2335517648_254337785_#1more': -142.0, 'cluster_254337786_31404743': -128.0, 'cluster_537912_578689': -596.0,'GS_cluster_14485274_151021003_2335517648_254337785_#1more': 3, 'cluster_254337786_31404743': 3, 'cluster_537912_578689': 5,'GS_cluster_14485274_151021003_2335517648_254337785_#1more': 6, 'cluster_254337786_31404743': 6, 'cluster_537912_578689': 18,
1125.0,'GS_cluster_14485274_151021003_2335517648_254337785_#1more': -256.0, 'cluster_254337786_31404743': -374.0, 'cluster_537912_578689': -1154.0,'GS_cluster_14485274_151021003_2335517648_254337785_#1more': 3, 'cluster_254337786_31404743': 4, 'cluster_537912_578689': 6,'GS_cluster_14485274_151021003_2335517648_254337785_#1more': 7, 'cluster_254337786_31404743': 11, 'cluster_537912_578689': 24,
1150.0,'GS_cluster_14485274_151021003_2335517648_254337785_#1more': -180.0, 'cluster_254337786_31404743': -423.0, 'cluster_537912_578689': -1313.0,'GS_cluster_14485274_151021003_2335517648_254337785_#1more': 2, 'cluster_254337786_31404743': 3, 'cluster_537912_578689': 4,'GS_cluster_14485274_151021003_2335517648_254337785_#1more': 6, 'cluster_254337786_31404743': 12, 'cluster_537912_578689': 21,
1175.0,'GS_cluster_14485274_151021003_2335517648_254337785_#1more': -371.0, 'cluster_254337786_31404743': -360.0, 'cluster_537912_578689': -247.0,'GS_cluster_14485274_151021003_2335517648_254337785_#1more': 2, 'cluster_254337786_31404743': 4, 'cluster_537912_578689': 3,'GS_cluster_14485274_151021003_2335517648_254337785_#1more': 8, 'cluster_254337786_31404743': 10, 'cluster_537912_578689': 5,
1200.0,'GS_cluster_14485274_151021003_2335517648_254337785_#1more': -462.0, 'cluster_254337786_31404743': -335.0, 'cluster_537912_578689': -378.0,'GS_cluster_14485274_151021003_2335517648_254337785_#1more': 5, 'cluster_254337786_31404743': 3, 'cluster_537912_578689': 4,'GS_cluster_14485274_151021003_2335517648_254337785_#1more': 19, 'cluster_254337786_31404743': 7, 'cluster_537912_578689': 10,
1225.0,'GS_cluster_14485274_151021003_2335517648_254337785_#1more': -418.0, 'cluster_254337786_31404743': -4.0, 'cluster_537912_578689': -549.0,'GS_cluster_14485274_151021003_2335517648_254337785_#1more': 5, 'cluster_254337786_31404743': 1, 'cluster_537912_578689': 5,'GS_cluster_14485274_151021003_2335517648_254337785_#1more': 16, 'cluster_254337786_31404743': 1, 'cluster_537912_578689': 12,
1250.0,'GS_cluster_14485274_151021003_2335517648_254337785_#1more': -294.0, 'cluster_254337786_31404743': -68.0, 'cluster_537912_578689': -872.0,'GS_cluster_14485274_151021003_2335517648_254337785_#1more': 5, 'cluster_254337786_31404743': 1, 'cluster_537912_578689': 5,'GS_cluster_14485274_151021003_2335517648_254337785_#1more': 8, 'cluster_254337786_31404743': 4, 'cluster_537912_578689': 13,
1275.0,'GS_cluster_14485274_151021003_2335517648_254337785_#1more': -88.0, 'cluster_254337786_31404743': -212.0, 'cluster_537912_578689': -616.0,'GS_cluster_14485274_151021003_2335517648_254337785_#1more': 1, 'cluster_254337786_31404743': 3, 'cluster_537912_578689': 4,'GS_cluster_14485274_151021003_2335517648_254337785_#1more': 3, 'cluster_254337786_31404743': 8, 'cluster_537912_578689': 14,
1300.0,'GS_cluster_14485274_151021003_2335517648_254337785_#1more': -206.0, 'cluster_254337786_31404743': -296.0, 'cluster_537912_578689': -149.0,'GS_cluster_14485274_151021003_2335517648_254337785_#1more': 2, 'cluster_254337786_31404743': 4, 'cluster_537912_578689': 2,'GS_cluster_14485274_151021003_2335517648_254337785_#1more': 7, 'cluster_254337786_31404743': 9, 'cluster_537912_578689': 6,
1325.0,'GS_cluster_14485274_151021003_2335517648_254337785_#1more': -334.0, 'cluster_254337786_31404743': -124.0, 'cluster_537912_578689': -331.0,'GS_cluster_14485274_151021003_2335517648_254337785_#1more': 5, 'cluster_254337786_31404743': 3, 'cluster_537912_578689': 3,'GS_cluster_14485274_151021003_2335517648_254337785_#1more': 14, 'cluster_254337786_31404743': 7, 'cluster_537912_578689': 9,
1350.0,'GS_cluster_14485274_151021003_2335517648_254337785_#1more': -365.0, 'cluster_254337786_31404743': -211.0, 'cluster_537912_578689': -351.0,'GS_cluster_14485274_151021003_2335517648_254337785_#1more': 2, 'cluster_254337786_31404743': 3, 'cluster_537912_578689': 5,'GS_cluster_14485274_151021003_2335517648_254337785_#1more': 12, 'cluster_254337786_31404743': 6, 'cluster_537912_578689': 8,
1375.0,'GS_cluster_14485274_151021003_2335517648_254337785_#1more': -177.0, 'cluster_254337786_31404743': -379.0, 'cluster_537912_578689': -419.0,'GS_cluster_14485274_151021003_2335517648_254337785_#1more': 2, 'cluster_254337786_31404743': 4, 'cluster_537912_578689': 5,'GS_cluster_14485274_151021003_2335517648_254337785_#1more': 4, 'cluster_254337786_31404743': 8, 'cluster_537912_578689': 12,
1400.0,'GS_cluster_14485274_151021003_2335517648_254337785_#1more': -108.0, 'cluster_254337786_31404743': -253.0, 'cluster_537912_578689': -300.0,'GS_cluster_14485274_151021003_2335517648_254337785_#1more': 2, 'cluster_254337786_31404743': 4, 'cluster_537912_578689': 2,'GS_cluster_14485274_151021003_2335517648_254337785_#1more': 6, 'cluster_254337786_31404743': 9, 'cluster_537912_578689': 8,
1425.0,'GS_cluster_14485274_151021003_2335517648_254337785_#1more': -163.0, 'cluster_254337786_31404743': -155.0, 'cluster_537912_578689': -252.0,'GS_cluster_14485274_151021003_2335517648_254337785_#1more': 3, 'cluster_254337786_31404743': 3, 'cluster_537912_578689': 3,'GS_cluster_14485274_151021003_2335517648_254337785_#1more': 5, 'cluster_254337786_31404743': 5, 'cluster_537912_578689': 9,
1450.0,'GS_cluster_14485274_151021003_2335517648_254337785_#1more': -316.0, 'cluster_254337786_31404743': -291.0, 'cluster_537912_578689': -373.0,'GS_cluster_14485274_151021003_2335517648_254337785_#1more': 3, 'cluster_254337786_31404743': 3, 'cluster_537912_578689': 5,'GS_cluster_14485274_151021003_2335517648_254337785_#1more': 13, 'cluster_254337786_31404743': 9, 'cluster_537912_578689': 11,
1475.0,'GS_cluster_14485274_151021003_2335517648_254337785_#1more': -245.0, 'cluster_254337786_31404743': -592.0, 'cluster_537912_578689': -585.0,'GS_cluster_14485274_151021003_2335517648_254337785_#1more': 3, 'cluster_254337786_31404743': 4, 'cluster_537912_578689': 5,'GS_cluster_14485274_151021003_2335517648_254337785_#1more': 10, 'cluster_254337786_31404743': 13, 'cluster_537912_578689': 10,
1500.0,'GS_cluster_14485274_151021003_2335517648_254337785_#1more': -90.0, 'cluster_254337786_31404743': -482.0, 'cluster_537912_578689': -862.0,'GS_cluster_14485274_151021003_2335517648_254337785_#1more': 2, 'cluster_254337786_31404743': 3, 'cluster_537912_578689': 5,'GS_cluster_14485274_151021003_2335517648_254337785_#1more': 5, 'cluster_254337786_31404743': 12, 'cluster_537912_578689': 13,
1525.0,'GS_cluster_14485274_151021003_2335517648_254337785_#1more': -2.0, 'cluster_254337786_31404743': -293.0, 'cluster_537912_578689': -248.0,'GS_cluster_14485274_151021003_2335517648_254337785_#1more': 1, 'cluster_254337786_31404743': 3, 'cluster_537912_578689': 5,'GS_cluster_14485274_151021003_2335517648_254337785_#1more': 1, 'cluster_254337786_31404743': 8, 'cluster_537912_578689': 9,
1550.0,'GS_cluster_14485274_151021003_2335517648_254337785_#1more': -40.0, 'cluster_254337786_31404743': -330.0, 'cluster_537912_578689': -519.0,'GS_cluster_14485274_151021003_2335517648_254337785_#1more': 1, 'cluster_254337786_31404743': 5, 'cluster_537912_578689': 6,'GS_cluster_14485274_151021003_2335517648_254337785_#1more': 3, 'cluster_254337786_31404743': 9, 'cluster_537912_578689': 12,
1575.0,'GS_cluster_14485274_151021003_2335517648_254337785_#1more': -105.0, 'cluster_254337786_31404743': -582.0, 'cluster_537912_578689': -355.0,'GS_cluster_14485274_151021003_2335517648_254337785_#1more': 2, 'cluster_254337786_31404743': 7, 'cluster_537912_578689': 2,'GS_cluster_14485274_151021003_2335517648_254337785_#1more': 4, 'cluster_254337786_31404743': 12, 'cluster_537912_578689': 7,
1600.0,'GS_cluster_14485274_151021003_2335517648_254337785_#1more': -268.0, 'cluster_254337786_31404743': -932.0, 'cluster_537912_578689': -161.0,'GS_cluster_14485274_151021003_2335517648_254337785_#1more': 3, 'cluster_254337786_31404743': 9, 'cluster_537912_578689': 5,'GS_cluster_14485274_151021003_2335517648_254337785_#1more': 12, 'cluster_254337786_31404743': 15, 'cluster_537912_578689': 8,
1625.0,'GS_cluster_14485274_151021003_2335517648_254337785_#1more': -364.0, 'cluster_254337786_31404743': -1216.0, 'cluster_537912_578689': -320.0,'GS_cluster_14485274_151021003_2335517648_254337785_#1more': 4, 'cluster_254337786_31404743': 9, 'cluster_537912_578689': 5,'GS_cluster_14485274_151021003_2335517648_254337785_#1more': 14, 'cluster_254337786_31404743': 18, 'cluster_537912_578689': 8,
1650.0,'GS_cluster_14485274_151021003_2335517648_254337785_#1more': -740.0, 'cluster_254337786_31404743': -1697.0, 'cluster_537912_578689': -206.0,'GS_cluster_14485274_151021003_2335517648_254337785_#1more': 5, 'cluster_254337786_31404743': 10, 'cluster_537912_578689': 3,'GS_cluster_14485274_151021003_2335517648_254337785_#1more': 19, 'cluster_254337786_31404743': 21, 'cluster_537912_578689': 7,
1675.0,'GS_cluster_14485274_151021003_2335517648_254337785_#1more': -164.0, 'cluster_254337786_31404743': -1105.0, 'cluster_537912_578689': -216.0,'GS_cluster_14485274_151021003_2335517648_254337785_#1more': 2, 'cluster_254337786_31404743': 4, 'cluster_537912_578689': 3,'GS_cluster_14485274_151021003_2335517648_254337785_#1more': 4, 'cluster_254337786_31404743': 21, 'cluster_537912_578689': 6,
1700.0,'GS_cluster_14485274_151021003_2335517648_254337785_#1more': -246.0, 'cluster_254337786_31404743': -1494.0, 'cluster_537912_578689': -158.0,'GS_cluster_14485274_151021003_2335517648_254337785_#1more': 2, 'cluster_254337786_31404743': 4, 'cluster_537912_578689': 2,'GS_cluster_14485274_151021003_2335517648_254337785_#1more': 6, 'cluster_254337786_31404743': 23, 'cluster_537912_578689': 8,
1725.0,'GS_cluster_14485274_151021003_2335517648_254337785_#1more': -168.0, 'cluster_254337786_31404743': -1137.0, 'cluster_537912_578689': -411.0,'GS_cluster_14485274_151021003_2335517648_254337785_#1more': 3, 'cluster_254337786_31404743': 4, 'cluster_537912_578689': 3,'GS_cluster_14485274_151021003_2335517648_254337785_#1more': 12, 'cluster_254337786_31404743': 13, 'cluster_537912_578689': 11,
1750.0,'GS_cluster_14485274_151021003_2335517648_254337785_#1more': -109.0, 'cluster_254337786_31404743': -1408.0, 'cluster_537912_578689': -497.0,'GS_cluster_14485274_151021003_2335517648_254337785_#1more': 2, 'cluster_254337786_31404743': 4, 'cluster_537912_578689': 3,'GS_cluster_14485274_151021003_2335517648_254337785_#1more': 4, 'cluster_254337786_31404743': 14, 'cluster_537912_578689': 11,
1775.0,'GS_cluster_14485274_151021003_2335517648_254337785_#1more': -220.0, 'cluster_254337786_31404743': -1802.0, 'cluster_537912_578689': -299.0,'GS_cluster_14485274_151021003_2335517648_254337785_#1more': 2, 'cluster_254337786_31404743': 4, 'cluster_537912_578689': 4,'GS_cluster_14485274_151021003_2335517648_254337785_#1more': 9, 'cluster_254337786_31404743': 19, 'cluster_537912_578689': 11,
1800.0,'GS_cluster_14485274_151021003_2335517648_254337785_#1more': -468.0, 'cluster_254337786_31404743': -887.0, 'cluster_537912_578689': -473.0,'GS_cluster_14485274_151021003_2335517648_254337785_#1more': 4, 'cluster_254337786_31404743': 4, 'cluster_537912_578689': 5,'GS_cluster_14485274_151021003_2335517648_254337785_#1more': 13, 'cluster_254337786_31404743': 14, 'cluster_537912_578689': 9,
1825.0,'GS_cluster_14485274_151021003_2335517648_254337785_#1more': -784.0, 'cluster_254337786_31404743': -623.0, 'cluster_537912_578689': -393.0,'GS_cluster_14485274_151021003_2335517648_254337785_#1more': 5, 'cluster_254337786_31404743': 4, 'cluster_537912_578689': 7,'GS_cluster_14485274_151021003_2335517648_254337785_#1more': 14, 'cluster_254337786_31404743': 16, 'cluster_537912_578689': 9,
1850.0,'GS_cluster_14485274_151021003_2335517648_254337785_#1more': -545.0, 'cluster_254337786_31404743': -1055.0, 'cluster_537912_578689': -103.0,'GS_cluster_14485274_151021003_2335517648_254337785_#1more': 7, 'cluster_254337786_31404743': 4, 'cluster_537912_578689': 1,'GS_cluster_14485274_151021003_2335517648_254337785_#1more': 9, 'cluster_254337786_31404743': 19, 'cluster_537912_578689': 3,
1875.0,'GS_cluster_14485274_151021003_2335517648_254337785_#1more': -186.0, 'cluster_254337786_31404743': -484.0, 'cluster_537912_578689': -173.0,'GS_cluster_14485274_151021003_2335517648_254337785_#1more': 3, 'cluster_254337786_31404743': 4, 'cluster_537912_578689': 3,'GS_cluster_14485274_151021003_2335517648_254337785_#1more': 13, 'cluster_254337786_31404743': 13, 'cluster_537912_578689': 7,
1900.0,'GS_cluster_14485274_151021003_2335517648_254337785_#1more': -553.0, 'cluster_254337786_31404743': -373.0, 'cluster_537912_578689': -164.0,'GS_cluster_14485274_151021003_2335517648_254337785_#1more': 3, 'cluster_254337786_31404743': 4, 'cluster_537912_578689': 6,'GS_cluster_14485274_151021003_2335517648_254337785_#1more': 18, 'cluster_254337786_31404743': 9, 'cluster_537912_578689': 11,
1925.0,'GS_cluster_14485274_151021003_2335517648_254337785_#1more': -1111.0, 'cluster_254337786_31404743': -220.0, 'cluster_537912_578689': -210.0,'GS_cluster_14485274_151021003_2335517648_254337785_#1more': 5, 'cluster_254337786_31404743': 3, 'cluster_537912_578689': 4,'GS_cluster_14485274_151021003_2335517648_254337785_#1more': 26, 'cluster_254337786_31404743': 6, 'cluster_537912_578689': 8,
1950.0,'GS_cluster_14485274_151021003_2335517648_254337785_#1more': -586.0, 'cluster_254337786_31404743': -159.0, 'cluster_537912_578689': -44.0,'GS_cluster_14485274_151021003_2335517648_254337785_#1more': 5, 'cluster_254337786_31404743': 2, 'cluster_537912_578689': 1,'GS_cluster_14485274_151021003_2335517648_254337785_#1more': 13, 'cluster_254337786_31404743': 6, 'cluster_537912_578689': 2,
1975.0,'GS_cluster_14485274_151021003_2335517648_254337785_#1more': -134.0, 'cluster_254337786_31404743': -93.0, 'cluster_537912_578689': -178.0,'GS_cluster_14485274_151021003_2335517648_254337785_#1more': 2, 'cluster_254337786_31404743': 2, 'cluster_537912_578689': 5,'GS_cluster_14485274_151021003_2335517648_254337785_#1more': 5, 'cluster_254337786_31404743': 5, 'cluster_537912_578689': 13,
2000.0,'GS_cluster_14485274_151021003_2335517648_254337785_#1more': -271.0, 'cluster_254337786_31404743': -165.0, 'cluster_537912_578689': -254.0,'GS_cluster_14485274_151021003_2335517648_254337785_#1more': 2, 'cluster_254337786_31404743': 3, 'cluster_537912_578689': 4,'GS_cluster_14485274_151021003_2335517648_254337785_#1more': 10, 'cluster_254337786_31404743': 9, 'cluster_537912_578689': 9,
2025.0,'GS_cluster_14485274_151021003_2335517648_254337785_#1more': -176.0, 'cluster_254337786_31404743': -220.0, 'cluster_537912_578689': -279.0,'GS_cluster_14485274_151021003_2335517648_254337785_#1more': 2, 'cluster_254337786_31404743': 5, 'cluster_537912_578689': 4,'GS_cluster_14485274_151021003_2335517648_254337785_#1more': 3, 'cluster_254337786_31404743': 6, 'cluster_537912_578689': 7,
2050.0,'GS_cluster_14485274_151021003_2335517648_254337785_#1more': -39.0, 'cluster_254337786_31404743': -394.0, 'cluster_537912_578689': -230.0,'GS_cluster_14485274_151021003_2335517648_254337785_#1more': 2, 'cluster_254337786_31404743': 6, 'cluster_537912_578689': 4,'GS_cluster_14485274_151021003_2335517648_254337785_#1more': 3, 'cluster_254337786_31404743': 10, 'cluster_537912_578689': 10,
2075.0,'GS_cluster_14485274_151021003_2335517648_254337785_#1more': -152.0, 'cluster_254337786_31404743': -586.0, 'cluster_537912_578689': -446.0,'GS_cluster_14485274_151021003_2335517648_254337785_#1more': 2, 'cluster_254337786_31404743': 6, 'cluster_537912_578689': 4,'GS_cluster_14485274_151021003_2335517648_254337785_#1more': 7, 'cluster_254337786_31404743': 12, 'cluster_537912_578689': 14,
2100.0,'GS_cluster_14485274_151021003_2335517648_254337785_#1more': -45.0, 'cluster_254337786_31404743': -372.0, 'cluster_537912_578689': -629.0,'GS_cluster_14485274_151021003_2335517648_254337785_#1more': 1, 'cluster_254337786_31404743': 4, 'cluster_537912_578689': 4,'GS_cluster_14485274_151021003_2335517648_254337785_#1more': 2, 'cluster_254337786_31404743': 11, 'cluster_537912_578689': 14,
2125.0,'GS_cluster_14485274_151021003_2335517648_254337785_#1more': -120.0, 'cluster_254337786_31404743': -622.0, 'cluster_537912_578689': -184.0,'GS_cluster_14485274_151021003_2335517648_254337785_#1more': 2, 'cluster_254337786_31404743': 4, 'cluster_537912_578689': 4,'GS_cluster_14485274_151021003_2335517648_254337785_#1more': 4, 'cluster_254337786_31404743': 13, 'cluster_537912_578689': 10,
2150.0,'GS_cluster_14485274_151021003_2335517648_254337785_#1more': -185.0, 'cluster_254337786_31404743': -979.0, 'cluster_537912_578689': -254.0,'GS_cluster_14485274_151021003_2335517648_254337785_#1more': 3, 'cluster_254337786_31404743': 4, 'cluster_537912_578689': 4,'GS_cluster_14485274_151021003_2335517648_254337785_#1more': 10, 'cluster_254337786_31404743': 15, 'cluster_537912_578689': 10,
2175.0,'GS_cluster_14485274_151021003_2335517648_254337785_#1more': -432.0, 'cluster_254337786_31404743': -88.0, 'cluster_537912_578689': -261.0,'GS_cluster_14485274_151021003_2335517648_254337785_#1more': 4, 'cluster_254337786_31404743': 2, 'cluster_537912_578689': 4,'GS_cluster_14485274_151021003_2335517648_254337785_#1more': 15, 'cluster_254337786_31404743': 3, 'cluster_537912_578689': 10,
2200.0,'GS_cluster_14485274_151021003_2335517648_254337785_#1more': -110.0, 'cluster_254337786_31404743': -88.0, 'cluster_537912_578689': -199.0,'GS_cluster_14485274_151021003_2335517648_254337785_#1more': 2, 'cluster_254337786_31404743': 1, 'cluster_537912_578689': 3,'GS_cluster_14485274_151021003_2335517648_254337785_#1more': 5, 'cluster_254337786_31404743': 3, 'cluster_537912_578689': 5,
2225.0,'GS_cluster_14485274_151021003_2335517648_254337785_#1more': -271.0, 'cluster_254337786_31404743': -99.0, 'cluster_537912_578689': -397.0,'GS_cluster_14485274_151021003_2335517648_254337785_#1more': 2, 'cluster_254337786_31404743': 2, 'cluster_537912_578689': 4,'GS_cluster_14485274_151021003_2335517648_254337785_#1more': 7, 'cluster_254337786_31404743': 8, 'cluster_537912_578689': 9,
2250.0,'GS_cluster_14485274_151021003_2335517648_254337785_#1more': -464.0, 'cluster_254337786_31404743': -347.0, 'cluster_537912_578689': -266.0,'GS_cluster_14485274_151021003_2335517648_254337785_#1more': 2, 'cluster_254337786_31404743': 4, 'cluster_537912_578689': 3,'GS_cluster_14485274_151021003_2335517648_254337785_#1more': 8, 'cluster_254337786_31404743': 16, 'cluster_537912_578689': 6,
2275.0,'GS_cluster_14485274_151021003_2335517648_254337785_#1more': -521.0, 'cluster_254337786_31404743': -301.0, 'cluster_537912_578689': -474.0,'GS_cluster_14485274_151021003_2335517648_254337785_#1more': 3, 'cluster_254337786_31404743': 4, 'cluster_537912_578689': 4,'GS_cluster_14485274_151021003_2335517648_254337785_#1more': 14, 'cluster_254337786_31404743': 8, 'cluster_537912_578689': 12,
2300.0,'GS_cluster_14485274_151021003_2335517648_254337785_#1more': -492.0, 'cluster_254337786_31404743': -254.0, 'cluster_537912_578689': -432.0,'GS_cluster_14485274_151021003_2335517648_254337785_#1more': 4, 'cluster_254337786_31404743': 4, 'cluster_537912_578689': 3,'GS_cluster_14485274_151021003_2335517648_254337785_#1more': 17, 'cluster_254337786_31404743': 9, 'cluster_537912_578689': 11,
2325.0,'GS_cluster_14485274_151021003_2335517648_254337785_#1more': -291.0, 'cluster_254337786_31404743': -338.0, 'cluster_537912_578689': -718.0,'GS_cluster_14485274_151021003_2335517648_254337785_#1more': 3, 'cluster_254337786_31404743': 4, 'cluster_537912_578689': 3,'GS_cluster_14485274_151021003_2335517648_254337785_#1more': 7, 'cluster_254337786_31404743': 5, 'cluster_537912_578689': 15,
2350.0,'GS_cluster_14485274_151021003_2335517648_254337785_#1more': -208.0, 'cluster_254337786_31404743': -484.0, 'cluster_537912_578689': -1208.0,'GS_cluster_14485274_151021003_2335517648_254337785_#1more': 2, 'cluster_254337786_31404743': 4, 'cluster_537912_578689': 5,'GS_cluster_14485274_151021003_2335517648_254337785_#1more': 9, 'cluster_254337786_31404743': 10, 'cluster_537912_578689': 22,
2375.0,'GS_cluster_14485274_151021003_2335517648_254337785_#1more': -368.0, 'cluster_254337786_31404743': -833.0, 'cluster_537912_578689': -1308.0,'GS_cluster_14485274_151021003_2335517648_254337785_#1more': 2, 'cluster_254337786_31404743': 5, 'cluster_537912_578689': 5,'GS_cluster_14485274_151021003_2335517648_254337785_#1more': 8, 'cluster_254337786_31404743': 17, 'cluster_537912_578689': 21,
2400.0,'GS_cluster_14485274_151021003_2335517648_254337785_#1more': -613.0, 'cluster_254337786_31404743': -853.0, 'cluster_537912_578689': -610.0,'GS_cluster_14485274_151021003_2335517648_254337785_#1more': 2, 'cluster_254337786_31404743': 5, 'cluster_537912_578689': 7,'GS_cluster_14485274_151021003_2335517648_254337785_#1more': 11, 'cluster_254337786_31404743': 9, 'cluster_537912_578689': 16,
2425.0,'GS_cluster_14485274_151021003_2335517648_254337785_#1more': -338.0, 'cluster_254337786_31404743': -188.0, 'cluster_537912_578689': -256.0,'GS_cluster_14485274_151021003_2335517648_254337785_#1more': 3, 'cluster_254337786_31404743': 1, 'cluster_537912_578689': 6,'GS_cluster_14485274_151021003_2335517648_254337785_#1more': 8, 'cluster_254337786_31404743': 3, 'cluster_537912_578689': 7,
2450.0,'GS_cluster_14485274_151021003_2335517648_254337785_#1more': -227.0, 'cluster_254337786_31404743': -20.0, 'cluster_537912_578689': -506.0,'GS_cluster_14485274_151021003_2335517648_254337785_#1more': 5, 'cluster_254337786_31404743': 2, 'cluster_537912_578689': 6,'GS_cluster_14485274_151021003_2335517648_254337785_#1more': 15, 'cluster_254337786_31404743': 4, 'cluster_537912_578689': 13,
2475.0,'GS_cluster_14485274_151021003_2335517648_254337785_#1more': -433.0, 'cluster_254337786_31404743': -189.0, 'cluster_537912_578689': -284.0,'GS_cluster_14485274_151021003_2335517648_254337785_#1more': 6, 'cluster_254337786_31404743': 2, 'cluster_537912_578689': 3,'GS_cluster_14485274_151021003_2335517648_254337785_#1more': 17, 'cluster_254337786_31404743': 7, 'cluster_537912_578689': 12,
2500.0,'GS_cluster_14485274_151021003_2335517648_254337785_#1more': -127.0, 'cluster_254337786_31404743': -479.0, 'cluster_537912_578689': -191.0,'GS_cluster_14485274_151021003_2335517648_254337785_#1more': 3, 'cluster_254337786_31404743': 5, 'cluster_537912_578689': 3,'GS_cluster_14485274_151021003_2335517648_254337785_#1more': 8, 'cluster_254337786_31404743': 15, 'cluster_537912_578689': 5,
2525.0,'GS_cluster_14485274_151021003_2335517648_254337785_#1more': -258.0, 'cluster_254337786_31404743': -1007.0, 'cluster_537912_578689': -323.0,'GS_cluster_14485274_151021003_2335517648_254337785_#1more': 2, 'cluster_254337786_31404743': 7, 'cluster_537912_578689': 5,'GS_cluster_14485274_151021003_2335517648_254337785_#1more': 9, 'cluster_254337786_31404743': 27, 'cluster_537912_578689': 8,
2550.0,'GS_cluster_14485274_151021003_2335517648_254337785_#1more': -360.0, 'cluster_254337786_31404743': -1249.0, 'cluster_537912_578689': -488.0,'GS_cluster_14485274_151021003_2335517648_254337785_#1more': 3, 'cluster_254337786_31404743': 4, 'cluster_537912_578689': 5,'GS_cluster_14485274_151021003_2335517648_254337785_#1more': 8, 'cluster_254337786_31404743': 20, 'cluster_537912_578689': 9,
2575.0,'GS_cluster_14485274_151021003_2335517648_254337785_#1more': -278.0, 'cluster_254337786_31404743': -95.0, 'cluster_537912_578689': -190.0,'GS_cluster_14485274_151021003_2335517648_254337785_#1more': 2, 'cluster_254337786_31404743': 4, 'cluster_537912_578689': 2,'GS_cluster_14485274_151021003_2335517648_254337785_#1more': 8, 'cluster_254337786_31404743': 9, 'cluster_537912_578689': 7,
2600.0,'GS_cluster_14485274_151021003_2335517648_254337785_#1more': -516.0, 'cluster_254337786_31404743': -144.0, 'cluster_537912_578689': -172.0,'GS_cluster_14485274_151021003_2335517648_254337785_#1more': 4, 'cluster_254337786_31404743': 3, 'cluster_537912_578689': 2,'GS_cluster_14485274_151021003_2335517648_254337785_#1more': 13, 'cluster_254337786_31404743': 6, 'cluster_537912_578689': 8,
2625.0,'GS_cluster_14485274_151021003_2335517648_254337785_#1more': -411.0, 'cluster_254337786_31404743': -161.0, 'cluster_537912_578689': -220.0,'GS_cluster_14485274_151021003_2335517648_254337785_#1more': 2, 'cluster_254337786_31404743': 4, 'cluster_537912_578689': 2,'GS_cluster_14485274_151021003_2335517648_254337785_#1more': 5, 'cluster_254337786_31404743': 6, 'cluster_537912_578689': 7,
2650.0,'GS_cluster_14485274_151021003_2335517648_254337785_#1more': -106.0, 'cluster_254337786_31404743': -285.0, 'cluster_537912_578689': -340.0,'GS_cluster_14485274_151021003_2335517648_254337785_#1more': 1, 'cluster_254337786_31404743': 5, 'cluster_537912_578689': 5,'GS_cluster_14485274_151021003_2335517648_254337785_#1more': 5, 'cluster_254337786_31404743': 8, 'cluster_537912_578689': 18,
2675.0,'GS_cluster_14485274_151021003_2335517648_254337785_#1more': -164.0, 'cluster_254337786_31404743': -156.0, 'cluster_537912_578689': -559.0,'GS_cluster_14485274_151021003_2335517648_254337785_#1more': 2, 'cluster_254337786_31404743': 2, 'cluster_537912_578689': 5,'GS_cluster_14485274_151021003_2335517648_254337785_#1more': 4, 'cluster_254337786_31404743': 7, 'cluster_537912_578689': 17,
2700.0,'GS_cluster_14485274_151021003_2335517648_254337785_#1more': -44.0, 'cluster_254337786_31404743': -223.0, 'cluster_537912_578689': -1040.0,'GS_cluster_14485274_151021003_2335517648_254337785_#1more': 1, 'cluster_254337786_31404743': 3, 'cluster_537912_578689': 5,'GS_cluster_14485274_151021003_2335517648_254337785_#1more': 2, 'cluster_254337786_31404743': 7, 'cluster_537912_578689': 21,
2725.0,'GS_cluster_14485274_151021003_2335517648_254337785_#1more': -175.0, 'cluster_254337786_31404743': -273.0, 'cluster_537912_578689': -365.0,'GS_cluster_14485274_151021003_2335517648_254337785_#1more': 2, 'cluster_254337786_31404743': 4, 'cluster_537912_578689': 5,'GS_cluster_14485274_151021003_2335517648_254337785_#1more': 8, 'cluster_254337786_31404743': 8, 'cluster_537912_578689': 7,
2750.0,'GS_cluster_14485274_151021003_2335517648_254337785_#1more': -448.0, 'cluster_254337786_31404743': -211.0, 'cluster_537912_578689': -604.0,'GS_cluster_14485274_151021003_2335517648_254337785_#1more': 3, 'cluster_254337786_31404743': 3, 'cluster_537912_578689': 6,'GS_cluster_14485274_151021003_2335517648_254337785_#1more': 15, 'cluster_254337786_31404743': 7, 'cluster_537912_578689': 11,
2775.0,'GS_cluster_14485274_151021003_2335517648_254337785_#1more': -267.0, 'cluster_254337786_31404743': -245.0, 'cluster_537912_578689': -323.0,'GS_cluster_14485274_151021003_2335517648_254337785_#1more': 2, 'cluster_254337786_31404743': 3, 'cluster_537912_578689': 3,'GS_cluster_14485274_151021003_2335517648_254337785_#1more': 4, 'cluster_254337786_31404743': 5, 'cluster_537912_578689': 7,
2800.0,'GS_cluster_14485274_151021003_2335517648_254337785_#1more': -213.0, 'cluster_254337786_31404743': -420.0, 'cluster_537912_578689': -370.0,'GS_cluster_14485274_151021003_2335517648_254337785_#1more': 3, 'cluster_254337786_31404743': 5, 'cluster_537912_578689': 4,'GS_cluster_14485274_151021003_2335517648_254337785_#1more': 16, 'cluster_254337786_31404743': 10, 'cluster_537912_578689': 10,
2825.0,'GS_cluster_14485274_151021003_2335517648_254337785_#1more': -284.0, 'cluster_254337786_31404743': -410.0, 'cluster_537912_578689': -662.0,'GS_cluster_14485274_151021003_2335517648_254337785_#1more': 3, 'cluster_254337786_31404743': 4, 'cluster_537912_578689': 5,'GS_cluster_14485274_151021003_2335517648_254337785_#1more': 9, 'cluster_254337786_31404743': 7, 'cluster_537912_578689': 13,
2850.0,'GS_cluster_14485274_151021003_2335517648_254337785_#1more': -291.0, 'cluster_254337786_31404743': -329.0, 'cluster_537912_578689': -522.0,'GS_cluster_14485274_151021003_2335517648_254337785_#1more': 2, 'cluster_254337786_31404743': 4, 'cluster_537912_578689': 5,'GS_cluster_14485274_151021003_2335517648_254337785_#1more': 7, 'cluster_254337786_31404743': 13, 'cluster_537912_578689': 15,
2875.0,'GS_cluster_14485274_151021003_2335517648_254337785_#1more': -448.0, 'cluster_254337786_31404743': -449.0, 'cluster_537912_578689': -36.0,'GS_cluster_14485274_151021003_2335517648_254337785_#1more': 2, 'cluster_254337786_31404743': 4, 'cluster_537912_578689': 2,'GS_cluster_14485274_151021003_2335517648_254337785_#1more': 8, 'cluster_254337786_31404743': 13, 'cluster_537912_578689': 3,
2900.0,'GS_cluster_14485274_151021003_2335517648_254337785_#1more': -671.0, 'cluster_254337786_31404743': -364.0, 'cluster_537912_578689': -120.0,'GS_cluster_14485274_151021003_2335517648_254337785_#1more': 4, 'cluster_254337786_31404743': 4, 'cluster_537912_578689': 2,'GS_cluster_14485274_151021003_2335517648_254337785_#1more': 10, 'cluster_254337786_31404743': 9, 'cluster_537912_578689': 4,
2925.0,'GS_cluster_14485274_151021003_2335517648_254337785_#1more': -224.0, 'cluster_254337786_31404743': -613.0, 'cluster_537912_578689': -145.0,'GS_cluster_14485274_151021003_2335517648_254337785_#1more': 1, 'cluster_254337786_31404743': 7, 'cluster_537912_578689': 4,'GS_cluster_14485274_151021003_2335517648_254337785_#1more': 3, 'cluster_254337786_31404743': 14, 'cluster_537912_578689': 7,
2950.0,'GS_cluster_14485274_151021003_2335517648_254337785_#1more': -397.0, 'cluster_254337786_31404743': -410.0, 'cluster_537912_578689': -134.0,'GS_cluster_14485274_151021003_2335517648_254337785_#1more': 3, 'cluster_254337786_31404743': 7, 'cluster_537912_578689': 2,'GS_cluster_14485274_151021003_2335517648_254337785_#1more': 10, 'cluster_254337786_31404743': 12, 'cluster_537912_578689': 6,
2975.0,'GS_cluster_14485274_151021003_2335517648_254337785_#1more': -331.0, 'cluster_254337786_31404743': -184.0, 'cluster_537912_578689': -259.0,'GS_cluster_14485274_151021003_2335517648_254337785_#1more': 1, 'cluster_254337786_31404743': 3, 'cluster_537912_578689': 2,'GS_cluster_14485274_151021003_2335517648_254337785_#1more': 3, 'cluster_254337786_31404743': 8, 'cluster_537912_578689': 10,
3000.0,'GS_cluster_14485274_151021003_2335517648_254337785_#1more': -51.0, 'cluster_254337786_31404743': -112.0, 'cluster_537912_578689': -190.0,'GS_cluster_14485274_151021003_2335517648_254337785_#1more': 2, 'cluster_254337786_31404743': 3, 'cluster_537912_578689': 3,'GS_cluster_14485274_151021003_2335517648_254337785_#1more': 3, 'cluster_254337786_31404743': 5, 'cluster_537912_578689': 7,
3025.0,'GS_cluster_14485274_151021003_2335517648_254337785_#1more': -156.0, 'cluster_254337786_31404743': -173.0, 'cluster_537912_578689': -409.0,'GS_cluster_14485274_151021003_2335517648_254337785_#1more': 2, 'cluster_254337786_31404743': 4, 'cluster_537912_578689': 4,'GS_cluster_14485274_151021003_2335517648_254337785_#1more': 6, 'cluster_254337786_31404743': 6, 'cluster_537912_578689': 10,
3050.0,'GS_cluster_14485274_151021003_2335517648_254337785_#1more': -20.0, 'cluster_254337786_31404743': -177.0, 'cluster_537912_578689': -324.0,'GS_cluster_14485274_151021003_2335517648_254337785_#1more': 1, 'cluster_254337786_31404743': 4, 'cluster_537912_578689': 4,'GS_cluster_14485274_151021003_2335517648_254337785_#1more': 2, 'cluster_254337786_31404743': 10, 'cluster_537912_578689': 12,
3075.0,'GS_cluster_14485274_151021003_2335517648_254337785_#1more': -51.0, 'cluster_254337786_31404743': -285.0, 'cluster_537912_578689': -494.0,'GS_cluster_14485274_151021003_2335517648_254337785_#1more': 2, 'cluster_254337786_31404743': 3, 'cluster_537912_578689': 4,'GS_cluster_14485274_151021003_2335517648_254337785_#1more': 3, 'cluster_254337786_31404743': 10, 'cluster_537912_578689': 8,
3100.0,'GS_cluster_14485274_151021003_2335517648_254337785_#1more': -195.0, 'cluster_254337786_31404743': -576.0, 'cluster_537912_578689': -763.0,'GS_cluster_14485274_151021003_2335517648_254337785_#1more': 3, 'cluster_254337786_31404743': 4, 'cluster_537912_578689': 5,'GS_cluster_14485274_151021003_2335517648_254337785_#1more': 9, 'cluster_254337786_31404743': 14, 'cluster_537912_578689': 13,
3125.0,'GS_cluster_14485274_151021003_2335517648_254337785_#1more': -268.0, 'cluster_254337786_31404743': -762.0, 'cluster_537912_578689': -689.0,'GS_cluster_14485274_151021003_2335517648_254337785_#1more': 2, 'cluster_254337786_31404743': 4, 'cluster_537912_578689': 5,'GS_cluster_14485274_151021003_2335517648_254337785_#1more': 7, 'cluster_254337786_31404743': 14, 'cluster_537912_578689': 12,
3150.0,'GS_cluster_14485274_151021003_2335517648_254337785_#1more': -498.0, 'cluster_254337786_31404743': -118.0, 'cluster_537912_578689': -324.0,'GS_cluster_14485274_151021003_2335517648_254337785_#1more': 3, 'cluster_254337786_31404743': 2, 'cluster_537912_578689': 3,'GS_cluster_14485274_151021003_2335517648_254337785_#1more': 13, 'cluster_254337786_31404743': 4, 'cluster_537912_578689': 8,
3175.0,'GS_cluster_14485274_151021003_2335517648_254337785_#1more': -146.0, 'cluster_254337786_31404743': -182.0, 'cluster_537912_578689': -20.0,'GS_cluster_14485274_151021003_2335517648_254337785_#1more': 3, 'cluster_254337786_31404743': 4, 'cluster_537912_578689': 3,'GS_cluster_14485274_151021003_2335517648_254337785_#1more': 5, 'cluster_254337786_31404743': 8, 'cluster_537912_578689': 4,
3200.0,'GS_cluster_14485274_151021003_2335517648_254337785_#1more': -298.0, 'cluster_254337786_31404743': -348.0, 'cluster_537912_578689': -133.0,'GS_cluster_14485274_151021003_2335517648_254337785_#1more': 3, 'cluster_254337786_31404743': 4, 'cluster_537912_578689': 4,'GS_cluster_14485274_151021003_2335517648_254337785_#1more': 9, 'cluster_254337786_31404743': 14, 'cluster_537912_578689': 9,
3225.0,'GS_cluster_14485274_151021003_2335517648_254337785_#1more': -411.0, 'cluster_254337786_31404743': -416.0, 'cluster_537912_578689': -267.0,'GS_cluster_14485274_151021003_2335517648_254337785_#1more': 3, 'cluster_254337786_31404743': 2, 'cluster_537912_578689': 6,'GS_cluster_14485274_151021003_2335517648_254337785_#1more': 7, 'cluster_254337786_31404743': 10, 'cluster_537912_578689': 9,
3250.0,'GS_cluster_14485274_151021003_2335517648_254337785_#1more': -644.0, 'cluster_254337786_31404743': -42.0, 'cluster_537912_578689': -435.0,'GS_cluster_14485274_151021003_2335517648_254337785_#1more': 3, 'cluster_254337786_31404743': 3, 'cluster_537912_578689': 8,'GS_cluster_14485274_151021003_2335517648_254337785_#1more': 11, 'cluster_254337786_31404743': 4, 'cluster_537912_578689': 11,
3275.0,'GS_cluster_14485274_151021003_2335517648_254337785_#1more': -707.0, 'cluster_254337786_31404743': -63.0, 'cluster_537912_578689': -97.0,'GS_cluster_14485274_151021003_2335517648_254337785_#1more': 4, 'cluster_254337786_31404743': 2, 'cluster_537912_578689': 1,'GS_cluster_14485274_151021003_2335517648_254337785_#1more': 20, 'cluster_254337786_31404743': 3, 'cluster_537912_578689': 3,
3300.0,'GS_cluster_14485274_151021003_2335517648_254337785_#1more': -199.0, 'cluster_254337786_31404743': -24.0, 'cluster_537912_578689': -131.0,'GS_cluster_14485274_151021003_2335517648_254337785_#1more': 4, 'cluster_254337786_31404743': 1, 'cluster_537912_578689': 2,'GS_cluster_14485274_151021003_2335517648_254337785_#1more': 11, 'cluster_254337786_31404743': 3, 'cluster_537912_578689': 5,
3325.0,'GS_cluster_14485274_151021003_2335517648_254337785_#1more': -355.0, 'cluster_254337786_31404743': -90.0, 'cluster_537912_578689': -74.0,'GS_cluster_14485274_151021003_2335517648_254337785_#1more': 4, 'cluster_254337786_31404743': 2, 'cluster_537912_578689': 2,'GS_cluster_14485274_151021003_2335517648_254337785_#1more': 9, 'cluster_254337786_31404743': 6, 'cluster_537912_578689': 4,
3350.0,'GS_cluster_14485274_151021003_2335517648_254337785_#1more': -619.0, 'cluster_254337786_31404743': -249.0, 'cluster_537912_578689': -153.0,'GS_cluster_14485274_151021003_2335517648_254337785_#1more': 4, 'cluster_254337786_31404743': 4, 'cluster_537912_578689': 3,'GS_cluster_14485274_151021003_2335517648_254337785_#1more': 12, 'cluster_254337786_31404743': 9, 'cluster_537912_578689': 5,
3375.0,'GS_cluster_14485274_151021003_2335517648_254337785_#1more': -256.0, 'cluster_254337786_31404743': -427.0, 'cluster_537912_578689': -318.0,'GS_cluster_14485274_151021003_2335517648_254337785_#1more': 3, 'cluster_254337786_31404743': 4, 'cluster_537912_578689': 3,'GS_cluster_14485274_151021003_2335517648_254337785_#1more': 8, 'cluster_254337786_31404743': 10, 'cluster_537912_578689': 9,
3400.0,'GS_cluster_14485274_151021003_2335517648_254337785_#1more': -491.0, 'cluster_254337786_31404743': -229.0, 'cluster_537912_578689': -279.0,'GS_cluster_14485274_151021003_2335517648_254337785_#1more': 3, 'cluster_254337786_31404743': 3, 'cluster_537912_578689': 2,'GS_cluster_14485274_151021003_2335517648_254337785_#1more': 10, 'cluster_254337786_31404743': 9, 'cluster_537912_578689': 8,
3425.0,'GS_cluster_14485274_151021003_2335517648_254337785_#1more': -410.0, 'cluster_254337786_31404743': -358.0, 'cluster_537912_578689': -386.0,'GS_cluster_14485274_151021003_2335517648_254337785_#1more': 2, 'cluster_254337786_31404743': 3, 'cluster_537912_578689': 3,'GS_cluster_14485274_151021003_2335517648_254337785_#1more': 13, 'cluster_254337786_31404743': 9, 'cluster_537912_578689': 9,
3450.0,'GS_cluster_14485274_151021003_2335517648_254337785_#1more': -601.0, 'cluster_254337786_31404743': -403.0, 'cluster_537912_578689': -558.0,'GS_cluster_14485274_151021003_2335517648_254337785_#1more': 2, 'cluster_254337786_31404743': 3, 'cluster_537912_578689': 4,'GS_cluster_14485274_151021003_2335517648_254337785_#1more': 12, 'cluster_254337786_31404743': 11, 'cluster_537912_578689': 12,
3475.0,'GS_cluster_14485274_151021003_2335517648_254337785_#1more': -126.0, 'cluster_254337786_31404743': -299.0, 'cluster_537912_578689': -49.0,'GS_cluster_14485274_151021003_2335517648_254337785_#1more': 2, 'cluster_254337786_31404743': 4, 'cluster_537912_578689': 2,'GS_cluster_14485274_151021003_2335517648_254337785_#1more': 6, 'cluster_254337786_31404743': 7, 'cluster_537912_578689': 2,
3500.0,'GS_cluster_14485274_151021003_2335517648_254337785_#1more': -285.0, 'cluster_254337786_31404743': -227.0, 'cluster_537912_578689': -209.0,'GS_cluster_14485274_151021003_2335517648_254337785_#1more': 2, 'cluster_254337786_31404743': 3, 'cluster_537912_578689': 3,'GS_cluster_14485274_151021003_2335517648_254337785_#1more': 12, 'cluster_254337786_31404743': 9, 'cluster_537912_578689': 10,
3525.0,'GS_cluster_14485274_151021003_2335517648_254337785_#1more': -686.0, 'cluster_254337786_31404743': -295.0, 'cluster_537912_578689': -268.0,'GS_cluster_14485274_151021003_2335517648_254337785_#1more': 4, 'cluster_254337786_31404743': 3, 'cluster_537912_578689': 3,'GS_cluster_14485274_151021003_2335517648_254337785_#1more': 20, 'cluster_254337786_31404743': 11, 'cluster_537912_578689': 7,
3550.0,'GS_cluster_14485274_151021003_2335517648_254337785_#1more': -715.0, 'cluster_254337786_31404743': -422.0, 'cluster_537912_578689': -304.0,'GS_cluster_14485274_151021003_2335517648_254337785_#1more': 4, 'cluster_254337786_31404743': 3, 'cluster_537912_578689': 2,'GS_cluster_14485274_151021003_2335517648_254337785_#1more': 12, 'cluster_254337786_31404743': 10, 'cluster_537912_578689': 7,
3575.0,'GS_cluster_14485274_151021003_2335517648_254337785_#1more': -504.0, 'cluster_254337786_31404743': -726.0, 'cluster_537912_578689': -77.0,'GS_cluster_14485274_151021003_2335517648_254337785_#1more': 4, 'cluster_254337786_31404743': 4, 'cluster_537912_578689': 1,'GS_cluster_14485274_151021003_2335517648_254337785_#1more': 11, 'cluster_254337786_31404743': 14, 'cluster_537912_578689': 2,
3600.0,'GS_cluster_14485274_151021003_2335517648_254337785_#1more': -595.0, 'cluster_254337786_31404743': -122.0, 'cluster_537912_578689': -127.0,'GS_cluster_14485274_151021003_2335517648_254337785_#1more': 4, 'cluster_254337786_31404743': 2, 'cluster_537912_578689': 1,'GS_cluster_14485274_151021003_2335517648_254337785_#1more': 7, 'cluster_254337786_31404743': 3, 'cluster_537912_578689': 2,
