25.0,'GS_cluster_14485274_151021003_2335517648_254337785_#1more': 0.0, 'cluster_254337786_31404743': 0.0, 'cluster_537912_578689': -0.04464286,'GS_cluster_14485274_151021003_2335517648_254337785_#1more': 0, 'cluster_254337786_31404743': 0, 'cluster_537912_578689': 1,'GS_cluster_14485274_151021003_2335517648_254337785_#1more': 0, 'cluster_254337786_31404743': 0, 'cluster_537912_578689': 1,
50.0,'GS_cluster_14485274_151021003_2335517648_254337785_#1more': -0.084821425, 'cluster_254337786_31404743': -0.102678575, 'cluster_537912_578689': -0.27232143,'GS_cluster_14485274_151021003_2335517648_254337785_#1more': 1, 'cluster_254337786_31404743': 1, 'cluster_537912_578689': 1,'GS_cluster_14485274_151021003_2335517648_254337785_#1more': 1, 'cluster_254337786_31404743': 1, 'cluster_537912_578689': 3,
75.0,'GS_cluster_14485274_151021003_2335517648_254337785_#1more': -0.22767857, 'cluster_254337786_31404743': -0.42857143, 'cluster_537912_578689': -1.1205357,'GS_cluster_14485274_151021003_2335517648_254337785_#1more': 1, 'cluster_254337786_31404743': 2, 'cluster_537912_578689': 3,'GS_cluster_14485274_151021003_2335517648_254337785_#1more': 3, 'cluster_254337786_31404743': 4, 'cluster_537912_578689': 11,
100.0,'GS_cluster_14485274_151021003_2335517648_254337785_#1more': -0.84821427, 'cluster_254337786_31404743': -0.49107143, 'cluster_537912_578689': -1.8660715,'GS_cluster_14485274_151021003_2335517648_254337785_#1more': 2, 'cluster_254337786_31404743': 2, 'cluster_537912_578689': 6,'GS_cluster_14485274_151021003_2335517648_254337785_#1more': 7, 'cluster_254337786_31404743': 4, 'cluster_537912_578689': 11,
125.0,'GS_cluster_14485274_151021003_2335517648_254337785_#1more': -2.28125, 'cluster_254337786_31404743': -0.20535715, 'cluster_537912_578689': -1.4241072,'GS_cluster_14485274_151021003_2335517648_254337785_#1more': 3, 'cluster_254337786_31404743': 1, 'cluster_537912_578689': 4,'GS_cluster_14485274_151021003_2335517648_254337785_#1more': 15, 'cluster_254337786_31404743': 1, 'cluster_537912_578689': 10,
150.0,'GS_cluster_14485274_151021003_2335517648_254337785_#1more': -2.174107, 'cluster_254337786_31404743': -0.41517857, 'cluster_537912_578689': -2.2767856,'GS_cluster_14485274_151021003_2335517648_254337785_#1more': 6, 'cluster_254337786_31404743': 2, 'cluster_537912_578689': 6,'GS_cluster_14485274_151021003_2335517648_254337785_#1more': 12, 'cluster_254337786_31404743': 4, 'cluster_537912_578689': 11,
175.0,'GS_cluster_14485274_151021003_2335517648_254337785_#1more': -2.0089285, 'cluster_254337786_31404743': -1.125, 'cluster_537912_578689': -1.9419643,'GS_cluster_14485274_151021003_2335517648_254337785_#1more': 8, 'cluster_254337786_31404743': 2, 'cluster_537912_578689': 6,'GS_cluster_14485274_151021003_2335517648_254337785_#1more': 12, 'cluster_254337786_31404743': 11, 'cluster_537912_578689': 16,
200.0,'GS_cluster_14485274_151021003_2335517648_254337785_#1more': -3.3482144, 'cluster_254337786_31404743': -2.4776785, 'cluster_537912_578689': -3.5714285,'GS_cluster_14485274_151021003_2335517648_254337785_#1more': 8, 'cluster_254337786_31404743': 4, 'cluster_537912_578689': 7,'GS_cluster_14485274_151021003_2335517648_254337785_#1more': 12, 'cluster_254337786_31404743': 15, 'cluster_537912_578689': 19,
225.0,'GS_cluster_14485274_151021003_2335517648_254337785_#1more': -4.0, 'cluster_254337786_31404743': -4.0, 'cluster_537912_578689': -4.0,'GS_cluster_14485274_151021003_2335517648_254337785_#1more': 8, 'cluster_254337786_31404743': 4, 'cluster_537912_578689': 7,'GS_cluster_14485274_151021003_2335517648_254337785_#1more': 16, 'cluster_254337786_31404743': 16, 'cluster_537912_578689': 17,
250.0,'GS_cluster_14485274_151021003_2335517648_254337785_#1more': -2.0714285, 'cluster_254337786_31404743': -4.0, 'cluster_537912_578689': -3.700893,'GS_cluster_14485274_151021003_2335517648_254337785_#1more': 4, 'cluster_254337786_31404743': 4, 'cluster_537912_578689': 4,'GS_cluster_14485274_151021003_2335517648_254337785_#1more': 16, 'cluster_254337786_31404743': 16, 'cluster_537912_578689': 13,
275.0,'GS_cluster_14485274_151021003_2335517648_254337785_#1more': -0.83928573, 'cluster_254337786_31404743': -4.0, 'cluster_537912_578689': -4.0,'GS_cluster_14485274_151021003_2335517648_254337785_#1more': 3, 'cluster_254337786_31404743': 4, 'cluster_537912_578689': 4,'GS_cluster_14485274_151021003_2335517648_254337785_#1more': 5, 'cluster_254337786_31404743': 15, 'cluster_537912_578689': 15,
300.0,'GS_cluster_14485274_151021003_2335517648_254337785_#1more': -1.1919643, 'cluster_254337786_31404743': -4.0, 'cluster_537912_578689': -4.0,'GS_cluster_14485274_151021003_2335517648_254337785_#1more': 3, 'cluster_254337786_31404743': 4, 'cluster_537912_578689': 5,'GS_cluster_14485274_151021003_2335517648_254337785_#1more': 4, 'cluster_254337786_31404743': 17, 'cluster_537912_578689': 26,
325.0,'GS_cluster_14485274_151021003_2335517648_254337785_#1more': -1.8705357, 'cluster_254337786_31404743': -4.0, 'cluster_537912_578689': -2.138393,'GS_cluster_14485274_151021003_2335517648_254337785_#1more': 3, 'cluster_254337786_31404743': 4, 'cluster_537912_578689': 4,'GS_cluster_14485274_151021003_2335517648_254337785_#1more': 8, 'cluster_254337786_31404743': 23, 'cluster_537912_578689': 12,
350.0,'GS_cluster_14485274_151021003_2335517648_254337785_#1more': -1.625, 'cluster_254337786_31404743': -4.0, 'cluster_537912_578689': -1.6205357,'GS_cluster_14485274_151021003_2335517648_254337785_#1more': 4, 'cluster_254337786_31404743': 4, 'cluster_537912_578689': 4,'GS_cluster_14485274_151021003_2335517648_254337785_#1more': 14, 'cluster_254337786_31404743': 25, 'cluster_537912_578689': 9,
375.0,'GS_cluster_14485274_151021003_2335517648_254337785_#1more': -1.4732143, 'cluster_254337786_31404743': -4.0, 'cluster_537912_578689': -1.2410715,'GS_cluster_14485274_151021003_2335517648_254337785_#1more': 4, 'cluster_254337786_31404743': 4, 'cluster_537912_578689': 4,'GS_cluster_14485274_151021003_2335517648_254337785_#1more': 7, 'cluster_254337786_31404743': 27, 'cluster_537912_578689': 16,
400.0,'GS_cluster_14485274_151021003_2335517648_254337785_#1more': -0.54464287, 'cluster_254337786_31404743': -4.0, 'cluster_537912_578689': -1.09375,'GS_cluster_14485274_151021003_2335517648_254337785_#1more': 2, 'cluster_254337786_31404743': 4, 'cluster_537912_578689': 3,'GS_cluster_14485274_151021003_2335517648_254337785_#1more': 2, 'cluster_254337786_31404743': 26, 'cluster_537912_578689': 7,
425.0,'GS_cluster_14485274_151021003_2335517648_254337785_#1more': -1.0580357, 'cluster_254337786_31404743': -0.69196427, 'cluster_537912_578689': -1.0625,'GS_cluster_14485274_151021003_2335517648_254337785_#1more': 4, 'cluster_254337786_31404743': 4, 'cluster_537912_578689': 4,'GS_cluster_14485274_151021003_2335517648_254337785_#1more': 7, 'cluster_254337786_31404743': 6, 'cluster_537912_578689': 5,
450.0,'GS_cluster_14485274_151021003_2335517648_254337785_#1more': -2.075893, 'cluster_254337786_31404743': -1.6116072, 'cluster_537912_578689': -0.19642857,'GS_cluster_14485274_151021003_2335517648_254337785_#1more': 4, 'cluster_254337786_31404743': 4, 'cluster_537912_578689': 1,'GS_cluster_14485274_151021003_2335517648_254337785_#1more': 16, 'cluster_254337786_31404743': 14, 'cluster_537912_578689': 1,
475.0,'GS_cluster_14485274_151021003_2335517648_254337785_#1more': -4.0, 'cluster_254337786_31404743': -1.9151785, 'cluster_537912_578689': -0.13392857,'GS_cluster_14485274_151021003_2335517648_254337785_#1more': 5, 'cluster_254337786_31404743': 4, 'cluster_537912_578689': 1,'GS_cluster_14485274_151021003_2335517648_254337785_#1more': 28, 'cluster_254337786_31404743': 12, 'cluster_537912_578689': 2,
500.0,'GS_cluster_14485274_151021003_2335517648_254337785_#1more': -4.0, 'cluster_254337786_31404743': -0.87946427, 'cluster_537912_578689': -0.14732143,'GS_cluster_14485274_151021003_2335517648_254337785_#1more': 6, 'cluster_254337786_31404743': 2, 'cluster_537912_578689': 2,'GS_cluster_14485274_151021003_2335517648_254337785_#1more': 30, 'cluster_254337786_31404743': 5, 'cluster_537912_578689': 2,
525.0,'GS_cluster_14485274_151021003_2335517648_254337785_#1more': -4.0, 'cluster_254337786_31404743': -0.58035713, 'cluster_537912_578689': -0.73214287,'GS_cluster_14485274_151021003_2335517648_254337785_#1more': 7, 'cluster_254337786_31404743': 3, 'cluster_537912_578689': 3,'GS_cluster_14485274_151021003_2335517648_254337785_#1more': 34, 'cluster_254337786_31404743': 7, 'cluster_537912_578689': 7,
550.0,'GS_cluster_14485274_151021003_2335517648_254337785_#1more': -4.0, 'cluster_254337786_31404743': -1.5178572, 'cluster_537912_578689': -0.87053573,'GS_cluster_14485274_151021003_2335517648_254337785_#1more': 6, 'cluster_254337786_31404743': 5, 'cluster_537912_578689': 2,'GS_cluster_14485274_151021003_2335517648_254337785_#1more': 10, 'cluster_254337786_31404743': 10, 'cluster_537912_578689': 8,
575.0,'GS_cluster_14485274_151021003_2335517648_254337785_#1more': -4.0, 'cluster_254337786_31404743': -2.767857, 'cluster_537912_578689': -2.267857,'GS_cluster_14485274_151021003_2335517648_254337785_#1more': 7, 'cluster_254337786_31404743': 5, 'cluster_537912_578689': 5,'GS_cluster_14485274_151021003_2335517648_254337785_#1more': 16, 'cluster_254337786_31404743': 15, 'cluster_537912_578689': 19,
600.0,'GS_cluster_14485274_151021003_2335517648_254337785_#1more': -4.0, 'cluster_254337786_31404743': -4.0, 'cluster_537912_578689': -4.0,'GS_cluster_14485274_151021003_2335517648_254337785_#1more': 7, 'cluster_254337786_31404743': 5, 'cluster_537912_578689': 5,'GS_cluster_14485274_151021003_2335517648_254337785_#1more': 14, 'cluster_254337786_31404743': 16, 'cluster_537912_578689': 21,
625.0,'GS_cluster_14485274_151021003_2335517648_254337785_#1more': -1.75, 'cluster_254337786_31404743': -3.4642856, 'cluster_537912_578689': -4.0,'GS_cluster_14485274_151021003_2335517648_254337785_#1more': 3, 'cluster_254337786_31404743': 4, 'cluster_537912_578689': 5,'GS_cluster_14485274_151021003_2335517648_254337785_#1more': 8, 'cluster_254337786_31404743': 14, 'cluster_537912_578689': 22,
650.0,'GS_cluster_14485274_151021003_2335517648_254337785_#1more': -2.65625, 'cluster_254337786_31404743': -2.3392856, 'cluster_537912_578689': -4.0,'GS_cluster_14485274_151021003_2335517648_254337785_#1more': 3, 'cluster_254337786_31404743': 4, 'cluster_537912_578689': 5,'GS_cluster_14485274_151021003_2335517648_254337785_#1more': 9, 'cluster_254337786_31404743': 8, 'cluster_537912_578689': 23,
675.0,'GS_cluster_14485274_151021003_2335517648_254337785_#1more': -1.7008928, 'cluster_254337786_31404743': -3.2544644, 'cluster_537912_578689': -1.6428572,'GS_cluster_14485274_151021003_2335517648_254337785_#1more': 4, 'cluster_254337786_31404743': 5, 'cluster_537912_578689': 3,'GS_cluster_14485274_151021003_2335517648_254337785_#1more': 12, 'cluster_254337786_31404743': 11, 'cluster_537912_578689': 7,
700.0,'GS_cluster_14485274_151021003_2335517648_254337785_#1more': -3.6473215, 'cluster_254337786_31404743': -1.2232143, 'cluster_537912_578689': -2.5401785,'GS_cluster_14485274_151021003_2335517648_254337785_#1more': 4, 'cluster_254337786_31404743': 7, 'cluster_537912_578689': 4,'GS_cluster_14485274_151021003_2335517648_254337785_#1more': 22, 'cluster_254337786_31404743': 11, 'cluster_537912_578689': 9,
725.0,'GS_cluster_14485274_151021003_2335517648_254337785_#1more': -4.0, 'cluster_254337786_31404743': -2.674107, 'cluster_537912_578689': -3.1830356,'GS_cluster_14485274_151021003_2335517648_254337785_#1more': 4, 'cluster_254337786_31404743': 8, 'cluster_537912_578689': 4,'GS_cluster_14485274_151021003_2335517648_254337785_#1more': 18, 'cluster_254337786_31404743': 14, 'cluster_537912_578689': 11,
750.0,'GS_cluster_14485274_151021003_2335517648_254337785_#1more': -4.0, 'cluster_254337786_31404743': -3.5580356, 'cluster_537912_578689': -3.9375,'GS_cluster_14485274_151021003_2335517648_254337785_#1more': 4, 'cluster_254337786_31404743': 9, 'cluster_537912_578689': 4,'GS_cluster_14485274_151021003_2335517648_254337785_#1more': 22, 'cluster_254337786_31404743': 14, 'cluster_537912_578689': 8,
775.0,'GS_cluster_14485274_151021003_2335517648_254337785_#1more': -4.0, 'cluster_254337786_31404743': -4.0, 'cluster_537912_578689': -0.62053573,'GS_cluster_14485274_151021003_2335517648_254337785_#1more': 5, 'cluster_254337786_31404743': 9, 'cluster_537912_578689': 1,'GS_cluster_14485274_151021003_2335517648_254337785_#1more': 31, 'cluster_254337786_31404743': 14, 'cluster_537912_578689': 6,
800.0,'GS_cluster_14485274_151021003_2335517648_254337785_#1more': -4.0, 'cluster_254337786_31404743': -4.0, 'cluster_537912_578689': -0.75,'GS_cluster_14485274_151021003_2335517648_254337785_#1more': 7, 'cluster_254337786_31404743': 10, 'cluster_537912_578689': 2,'GS_cluster_14485274_151021003_2335517648_254337785_#1more': 41, 'cluster_254337786_31404743': 15, 'cluster_537912_578689': 7,
825.0,'GS_cluster_14485274_151021003_2335517648_254337785_#1more': -4.0, 'cluster_254337786_31404743': -1.6607143, 'cluster_537912_578689': -0.48660713,'GS_cluster_14485274_151021003_2335517648_254337785_#1more': 7, 'cluster_254337786_31404743': 2, 'cluster_537912_578689': 2,'GS_cluster_14485274_151021003_2335517648_254337785_#1more': 40, 'cluster_254337786_31404743': 7, 'cluster_537912_578689': 4,
850.0,'GS_cluster_14485274_151021003_2335517648_254337785_#1more': -0.94196427, 'cluster_254337786_31404743': -1.1339285, 'cluster_537912_578689': -0.8125,'GS_cluster_14485274_151021003_2335517648_254337785_#1more': 2, 'cluster_254337786_31404743': 3, 'cluster_537912_578689': 3,'GS_cluster_14485274_151021003_2335517648_254337785_#1more': 5, 'cluster_254337786_31404743': 9, 'cluster_537912_578689': 5,
875.0,'GS_cluster_14485274_151021003_2335517648_254337785_#1more': -1.6964285, 'cluster_254337786_31404743': -1.8303572, 'cluster_537912_578689': -1.9196428,'GS_cluster_14485274_151021003_2335517648_254337785_#1more': 2, 'cluster_254337786_31404743': 7, 'cluster_537912_578689': 5,'GS_cluster_14485274_151021003_2335517648_254337785_#1more': 8, 'cluster_254337786_31404743': 14, 'cluster_537912_578689': 20,
900.0,'GS_cluster_14485274_151021003_2335517648_254337785_#1more': -2.7901785, 'cluster_254337786_31404743': -2.5267856, 'cluster_537912_578689': -1.5580357,'GS_cluster_14485274_151021003_2335517648_254337785_#1more': 5, 'cluster_254337786_31404743': 10, 'cluster_537912_578689': 5,'GS_cluster_14485274_151021003_2335517648_254337785_#1more': 11, 'cluster_254337786_31404743': 22, 'cluster_537912_578689': 6,
925.0,'GS_cluster_14485274_151021003_2335517648_254337785_#1more': -4.0, 'cluster_254337786_31404743': -3.8080356, 'cluster_537912_578689': -2.263393,'GS_cluster_14485274_151021003_2335517648_254337785_#1more': 6, 'cluster_254337786_31404743': 10, 'cluster_537912_578689': 5,'GS_cluster_14485274_151021003_2335517648_254337785_#1more': 13, 'cluster_254337786_31404743': 16, 'cluster_537912_578689': 8,
950.0,'GS_cluster_14485274_151021003_2335517648_254337785_#1more': -4.0, 'cluster_254337786_31404743': -4.0, 'cluster_537912_578689': -3.611607,'GS_cluster_14485274_151021003_2335517648_254337785_#1more': 7, 'cluster_254337786_31404743': 10, 'cluster_537912_578689': 8,'GS_cluster_14485274_151021003_2335517648_254337785_#1more': 15, 'cluster_254337786_31404743': 16, 'cluster_537912_578689': 15,
975.0,'GS_cluster_14485274_151021003_2335517648_254337785_#1more': -4.0, 'cluster_254337786_31404743': -2.6339285, 'cluster_537912_578689': -4.0,'GS_cluster_14485274_151021003_2335517648_254337785_#1more': 3, 'cluster_254337786_31404743': 4, 'cluster_537912_578689': 9,'GS_cluster_14485274_151021003_2335517648_254337785_#1more': 10, 'cluster_254337786_31404743': 8, 'cluster_537912_578689': 21,
1000.0,'GS_cluster_14485274_151021003_2335517648_254337785_#1more': -1.9910715, 'cluster_254337786_31404743': -3.3973215, 'cluster_537912_578689': -4.0,'GS_cluster_14485274_151021003_2335517648_254337785_#1more': 2, 'cluster_254337786_31404743': 4, 'cluster_537912_578689': 9,'GS_cluster_14485274_151021003_2335517648_254337785_#1more': 10, 'cluster_254337786_31404743': 11, 'cluster_537912_578689': 24,
1025.0,'GS_cluster_14485274_151021003_2335517648_254337785_#1more': -2.25, 'cluster_254337786_31404743': -1.0892857, 'cluster_537912_578689': -4.0,'GS_cluster_14485274_151021003_2335517648_254337785_#1more': 4, 'cluster_254337786_31404743': 3, 'cluster_537912_578689': 9,'GS_cluster_14485274_151021003_2335517648_254337785_#1more': 10, 'cluster_254337786_31404743': 10, 'cluster_537912_578689': 25,
1050.0,'GS_cluster_14485274_151021003_2335517648_254337785_#1more': -2.2455356, 'cluster_254337786_31404743': -1.9553572, 'cluster_537912_578689': -4.0,'GS_cluster_14485274_151021003_2335517648_254337785_#1more': 3, 'cluster_254337786_31404743': 4, 'cluster_537912_578689': 9,'GS_cluster_14485274_151021003_2335517648_254337785_#1more': 5, 'cluster_254337786_31404743': 10, 'cluster_537912_578689': 35,
1075.0,'GS_cluster_14485274_151021003_2335517648_254337785_#1more': -1.1830357, 'cluster_254337786_31404743': -0.98214287, 'cluster_537912_578689': -4.0,'GS_cluster_14485274_151021003_2335517648_254337785_#1more': 3, 'cluster_254337786_31404743': 2, 'cluster_537912_578689': 5,'GS_cluster_14485274_151021003_2335517648_254337785_#1more': 10, 'cluster_254337786_31404743': 5, 'cluster_537912_578689': 29,
1100.0,'GS_cluster_14485274_151021003_2335517648_254337785_#1more': -1.6517857, 'cluster_254337786_31404743': -1.6294643, 'cluster_537912_578689': -4.0,'GS_cluster_14485274_151021003_2335517648_254337785_#1more': 5, 'cluster_254337786_31404743': 4, 'cluster_537912_578689': 5,'GS_cluster_14485274_151021003_2335517648_254337785_#1more': 7, 'cluster_254337786_31404743': 8, 'cluster_537912_578689': 25,
1125.0,'GS_cluster_14485274_151021003_2335517648_254337785_#1more': -1.5491072, 'cluster_254337786_31404743': -2.8482144, 'cluster_537912_578689': -3.875,'GS_cluster_14485274_151021003_2335517648_254337785_#1more': 5, 'cluster_254337786_31404743': 5, 'cluster_537912_578689': 5,'GS_cluster_14485274_151021003_2335517648_254337785_#1more': 7, 'cluster_254337786_31404743': 12, 'cluster_537912_578689': 10,
1150.0,'GS_cluster_14485274_151021003_2335517648_254337785_#1more': -2.111607, 'cluster_254337786_31404743': -0.9910714, 'cluster_537912_578689': -1.1919643,'GS_cluster_14485274_151021003_2335517648_254337785_#1more': 4, 'cluster_254337786_31404743': 3, 'cluster_537912_578689': 5,'GS_cluster_14485274_151021003_2335517648_254337785_#1more': 14, 'cluster_254337786_31404743': 7, 'cluster_537912_578689': 9,
1175.0,'GS_cluster_14485274_151021003_2335517648_254337785_#1more': -3.4910715, 'cluster_254337786_31404743': -0.65625, 'cluster_537912_578689': -1.90625,'GS_cluster_14485274_151021003_2335517648_254337785_#1more': 4, 'cluster_254337786_31404743': 3, 'cluster_537912_578689': 6,'GS_cluster_14485274_151021003_2335517648_254337785_#1more': 21, 'cluster_254337786_31404743': 7, 'cluster_537912_578689': 8,
1200.0,'GS_cluster_14485274_151021003_2335517648_254337785_#1more': -2.424107, 'cluster_254337786_31404743': -0.8526786, 'cluster_537912_578689': -0.5223214,'GS_cluster_14485274_151021003_2335517648_254337785_#1more': 7, 'cluster_254337786_31404743': 3, 'cluster_537912_578689': 1,'GS_cluster_14485274_151021003_2335517648_254337785_#1more': 12, 'cluster_254337786_31404743': 5, 'cluster_537912_578689': 3,
1225.0,'GS_cluster_14485274_151021003_2335517648_254337785_#1more': -3.9375, 'cluster_254337786_31404743': -1.7276785, 'cluster_537912_578689': -0.75446427,'GS_cluster_14485274_151021003_2335517648_254337785_#1more': 9, 'cluster_254337786_31404743': 4, 'cluster_537912_578689': 3,'GS_cluster_14485274_151021003_2335517648_254337785_#1more': 16, 'cluster_254337786_31404743': 14, 'cluster_537912_578689': 4,
1250.0,'GS_cluster_14485274_151021003_2335517648_254337785_#1more': -4.0, 'cluster_254337786_31404743': -3.513393, 'cluster_537912_578689': -1.4107143,'GS_cluster_14485274_151021003_2335517648_254337785_#1more': 8, 'cluster_254337786_31404743': 4, 'cluster_537912_578689': 5,'GS_cluster_14485274_151021003_2335517648_254337785_#1more': 18, 'cluster_254337786_31404743': 17, 'cluster_537912_578689': 8,
1275.0,'GS_cluster_14485274_151021003_2335517648_254337785_#1more': -3.2098215, 'cluster_254337786_31404743': -4.0, 'cluster_537912_578689': -2.4732144,'GS_cluster_14485274_151021003_2335517648_254337785_#1more': 4, 'cluster_254337786_31404743': 4, 'cluster_537912_578689': 5,'GS_cluster_14485274_151021003_2335517648_254337785_#1more': 14, 'cluster_254337786_31404743': 20, 'cluster_537912_578689': 11,
1300.0,'GS_cluster_14485274_151021003_2335517648_254337785_#1more': -2.4910715, 'cluster_254337786_31404743': -4.0, 'cluster_537912_578689': -2.6517856,'GS_cluster_14485274_151021003_2335517648_254337785_#1more': 4, 'cluster_254337786_31404743': 4, 'cluster_537912_578689': 5,'GS_cluster_14485274_151021003_2335517648_254337785_#1more': 14, 'cluster_254337786_31404743': 20, 'cluster_537912_578689': 11,
1325.0,'GS_cluster_14485274_151021003_2335517648_254337785_#1more': -3.549107, 'cluster_254337786_31404743': -4.0, 'cluster_537912_578689': -1.2321428,'GS_cluster_14485274_151021003_2335517648_254337785_#1more': 4, 'cluster_254337786_31404743': 5, 'cluster_537912_578689': 3,'GS_cluster_14485274_151021003_2335517648_254337785_#1more': 19, 'cluster_254337786_31404743': 20, 'cluster_537912_578689': 10,
1350.0,'GS_cluster_14485274_151021003_2335517648_254337785_#1more': -4.0, 'cluster_254337786_31404743': -4.0, 'cluster_537912_578689': -1.0089285,'GS_cluster_14485274_151021003_2335517648_254337785_#1more': 6, 'cluster_254337786_31404743': 5, 'cluster_537912_578689': 4,'GS_cluster_14485274_151021003_2335517648_254337785_#1more': 22, 'cluster_254337786_31404743': 21, 'cluster_537912_578689': 9,
1375.0,'GS_cluster_14485274_151021003_2335517648_254337785_#1more': -4.0, 'cluster_254337786_31404743': -0.75446427, 'cluster_537912_578689': -1.7276785,'GS_cluster_14485274_151021003_2335517648_254337785_#1more': 6, 'cluster_254337786_31404743': 2, 'cluster_537912_578689': 4,'GS_cluster_14485274_151021003_2335517648_254337785_#1more': 21, 'cluster_254337786_31404743': 5, 'cluster_537912_578689': 13,
1400.0,'GS_cluster_14485274_151021003_2335517648_254337785_#1more': -4.0, 'cluster_254337786_31404743': -0.53125, 'cluster_537912_578689': -3.263393,'GS_cluster_14485274_151021003_2335517648_254337785_#1more': 6, 'cluster_254337786_31404743': 2, 'cluster_537912_578689': 4,'GS_cluster_14485274_151021003_2335517648_254337785_#1more': 28, 'cluster_254337786_31404743': 4, 'cluster_537912_578689': 14,
1425.0,'GS_cluster_14485274_151021003_2335517648_254337785_#1more': -4.0, 'cluster_254337786_31404743': -1.1294643, 'cluster_537912_578689': -3.3392856,'GS_cluster_14485274_151021003_2335517648_254337785_#1more': 6, 'cluster_254337786_31404743': 3, 'cluster_537912_578689': 5,'GS_cluster_14485274_151021003_2335517648_254337785_#1more': 25, 'cluster_254337786_31404743': 7, 'cluster_537912_578689': 13,
1450.0,'GS_cluster_14485274_151021003_2335517648_254337785_#1more': -0.21428572, 'cluster_254337786_31404743': -1.3616072, 'cluster_537912_578689': -4.0,'GS_cluster_14485274_151021003_2335517648_254337785_#1more': 2, 'cluster_254337786_31404743': 4, 'cluster_537912_578689': 5,'GS_cluster_14485274_151021003_2335517648_254337785_#1more': 3, 'cluster_254337786_31404743': 9, 'cluster_537912_578689': 16,
1475.0,'GS_cluster_14485274_151021003_2335517648_254337785_#1more': -0.71875, 'cluster_254337786_31404743': -2.450893, 'cluster_537912_578689': -4.0,'GS_cluster_14485274_151021003_2335517648_254337785_#1more': 2, 'cluster_254337786_31404743': 4, 'cluster_537912_578689': 5,'GS_cluster_14485274_151021003_2335517648_254337785_#1more': 6, 'cluster_254337786_31404743': 12, 'cluster_537912_578689': 27,
1500.0,'GS_cluster_14485274_151021003_2335517648_254337785_#1more': -1.1964285, 'cluster_254337786_31404743': -4.0, 'cluster_537912_578689': -4.0,'GS_cluster_14485274_151021003_2335517648_254337785_#1more': 3, 'cluster_254337786_31404743': 4, 'cluster_537912_578689': 5,'GS_cluster_14485274_151021003_2335517648_254337785_#1more': 9, 'cluster_254337786_31404743': 21, 'cluster_537912_578689': 28,
1525.0,'GS_cluster_14485274_151021003_2335517648_254337785_#1more': -1.6651785, 'cluster_254337786_31404743': -4.0, 'cluster_537912_578689': -4.0,'GS_cluster_14485274_151021003_2335517648_254337785_#1more': 4, 'cluster_254337786_31404743': 4, 'cluster_537912_578689': 5,'GS_cluster_14485274_151021003_2335517648_254337785_#1more': 11, 'cluster_254337786_31404743': 19, 'cluster_537912_578689': 30,
1550.0,'GS_cluster_14485274_151021003_2335517648_254337785_#1more': -0.17857143, 'cluster_254337786_31404743': -4.0, 'cluster_537912_578689': -4.0,'GS_cluster_14485274_151021003_2335517648_254337785_#1more': 2, 'cluster_254337786_31404743': 4, 'cluster_537912_578689': 5,'GS_cluster_14485274_151021003_2335517648_254337785_#1more': 4, 'cluster_254337786_31404743': 23, 'cluster_537912_578689': 31,
1575.0,'GS_cluster_14485274_151021003_2335517648_254337785_#1more': -0.625, 'cluster_254337786_31404743': -4.0, 'cluster_537912_578689': -4.0,'GS_cluster_14485274_151021003_2335517648_254337785_#1more': 2, 'cluster_254337786_31404743': 4, 'cluster_537912_578689': 5,'GS_cluster_14485274_151021003_2335517648_254337785_#1more': 4, 'cluster_254337786_31404743': 24, 'cluster_537912_578689': 13,
1600.0,'GS_cluster_14485274_151021003_2335517648_254337785_#1more': -1.3348215, 'cluster_254337786_31404743': -4.0, 'cluster_537912_578689': -0.7276786,'GS_cluster_14485274_151021003_2335517648_254337785_#1more': 3, 'cluster_254337786_31404743': 6, 'cluster_537912_578689': 4,'GS_cluster_14485274_151021003_2335517648_254337785_#1more': 11, 'cluster_254337786_31404743': 25, 'cluster_537912_578689': 6,
1625.0,'GS_cluster_14485274_151021003_2335517648_254337785_#1more': -1.2678572, 'cluster_254337786_31404743': -4.0, 'cluster_537912_578689': -0.96875,'GS_cluster_14485274_151021003_2335517648_254337785_#1more': 3, 'cluster_254337786_31404743': 5, 'cluster_537912_578689': 5,'GS_cluster_14485274_151021003_2335517648_254337785_#1more': 10, 'cluster_254337786_31404743': 26, 'cluster_537912_578689': 8,
1650.0,'GS_cluster_14485274_151021003_2335517648_254337785_#1more': -2.732143, 'cluster_254337786_31404743': -4.0, 'cluster_537912_578689': -2.325893,'GS_cluster_14485274_151021003_2335517648_254337785_#1more': 4, 'cluster_254337786_31404743': 5, 'cluster_537912_578689': 5,'GS_cluster_14485274_151021003_2335517648_254337785_#1more': 16, 'cluster_254337786_31404743': 29, 'cluster_537912_578689': 13,
1675.0,'GS_cluster_14485274_151021003_2335517648_254337785_#1more': -4.0, 'cluster_254337786_31404743': -4.0, 'cluster_537912_578689': -2.5,'GS_cluster_14485274_151021003_2335517648_254337785_#1more': 4, 'cluster_254337786_31404743': 6, 'cluster_537912_578689': 5,'GS_cluster_14485274_151021003_2335517648_254337785_#1more': 18, 'cluster_254337786_31404743': 31, 'cluster_537912_578689': 10,
1700.0,'GS_cluster_14485274_151021003_2335517648_254337785_#1more': -4.0, 'cluster_254337786_31404743': -2.9464285, 'cluster_537912_578689': -3.6205356,'GS_cluster_14485274_151021003_2335517648_254337785_#1more': 5, 'cluster_254337786_31404743': 8, 'cluster_537912_578689': 5,'GS_cluster_14485274_151021003_2335517648_254337785_#1more': 22, 'cluster_254337786_31404743': 12, 'cluster_537912_578689': 13,
1725.0,'GS_cluster_14485274_151021003_2335517648_254337785_#1more': -4.0, 'cluster_254337786_31404743': -3.6830356, 'cluster_537912_578689': -2.0714285,'GS_cluster_14485274_151021003_2335517648_254337785_#1more': 5, 'cluster_254337786_31404743': 9, 'cluster_537912_578689': 5,'GS_cluster_14485274_151021003_2335517648_254337785_#1more': 19, 'cluster_254337786_31404743': 15, 'cluster_537912_578689': 8,
1750.0,'GS_cluster_14485274_151021003_2335517648_254337785_#1more': -0.53571427, 'cluster_254337786_31404743': -4.0, 'cluster_537912_578689': -2.982143,'GS_cluster_14485274_151021003_2335517648_254337785_#1more': 2, 'cluster_254337786_31404743': 10, 'cluster_537912_578689': 6,'GS_cluster_14485274_151021003_2335517648_254337785_#1more': 5, 'cluster_254337786_31404743': 20, 'cluster_537912_578689': 9,
1775.0,'GS_cluster_14485274_151021003_2335517648_254337785_#1more': -0.73214287, 'cluster_254337786_31404743': -2.59375, 'cluster_537912_578689': -4.0,'GS_cluster_14485274_151021003_2335517648_254337785_#1more': 3, 'cluster_254337786_31404743': 4, 'cluster_537912_578689': 8,'GS_cluster_14485274_151021003_2335517648_254337785_#1more': 5, 'cluster_254337786_31404743': 12, 'cluster_537912_578689': 18,
1800.0,'GS_cluster_14485274_151021003_2335517648_254337785_#1more': -1.8125, 'cluster_254337786_31404743': -0.94196427, 'cluster_537912_578689': -4.0,'GS_cluster_14485274_151021003_2335517648_254337785_#1more': 3, 'cluster_254337786_31404743': 3, 'cluster_537912_578689': 9,'GS_cluster_14485274_151021003_2335517648_254337785_#1more': 12, 'cluster_254337786_31404743': 6, 'cluster_537912_578689': 10,
1825.0,'GS_cluster_14485274_151021003_2335517648_254337785_#1more': -2.6294644, 'cluster_254337786_31404743': -1.9955357, 'cluster_537912_578689': -0.17857143,'GS_cluster_14485274_151021003_2335517648_254337785_#1more': 5, 'cluster_254337786_31404743': 4, 'cluster_537912_578689': 1,'GS_cluster_14485274_151021003_2335517648_254337785_#1more': 19, 'cluster_254337786_31404743': 14, 'cluster_537912_578689': 3,
1850.0,'GS_cluster_14485274_151021003_2335517648_254337785_#1more': -4.0, 'cluster_254337786_31404743': -2.7410715, 'cluster_537912_578689': -0.62053573,'GS_cluster_14485274_151021003_2335517648_254337785_#1more': 5, 'cluster_254337786_31404743': 4, 'cluster_537912_578689': 2,'GS_cluster_14485274_151021003_2335517648_254337785_#1more': 30, 'cluster_254337786_31404743': 13, 'cluster_537912_578689': 6,
1875.0,'GS_cluster_14485274_151021003_2335517648_254337785_#1more': -4.0, 'cluster_254337786_31404743': -2.1607144, 'cluster_537912_578689': -1.5491072,'GS_cluster_14485274_151021003_2335517648_254337785_#1more': 5, 'cluster_254337786_31404743': 6, 'cluster_537912_578689': 3,'GS_cluster_14485274_151021003_2335517648_254337785_#1more': 30, 'cluster_254337786_31404743': 9, 'cluster_537912_578689': 11,
1900.0,'GS_cluster_14485274_151021003_2335517648_254337785_#1more': -4.0, 'cluster_254337786_31404743': -3.4017856, 'cluster_537912_578689': -2.325893,'GS_cluster_14485274_151021003_2335517648_254337785_#1more': 8, 'cluster_254337786_31404743': 7, 'cluster_537912_578689': 3,'GS_cluster_14485274_151021003_2335517648_254337785_#1more': 37, 'cluster_254337786_31404743': 12, 'cluster_537912_578689': 10,
1925.0,'GS_cluster_14485274_151021003_2335517648_254337785_#1more': -4.0, 'cluster_254337786_31404743': -4.0, 'cluster_537912_578689': -2.0848215,'GS_cluster_14485274_151021003_2335517648_254337785_#1more': 8, 'cluster_254337786_31404743': 7, 'cluster_537912_578689': 3,'GS_cluster_14485274_151021003_2335517648_254337785_#1more': 41, 'cluster_254337786_31404743': 13, 'cluster_537912_578689': 8,
1950.0,'GS_cluster_14485274_151021003_2335517648_254337785_#1more': -4.0, 'cluster_254337786_31404743': -4.0, 'cluster_537912_578689': -2.7723215,'GS_cluster_14485274_151021003_2335517648_254337785_#1more': 9, 'cluster_254337786_31404743': 7, 'cluster_537912_578689': 3,'GS_cluster_14485274_151021003_2335517648_254337785_#1more': 44, 'cluster_254337786_31404743': 15, 'cluster_537912_578689': 8,
1975.0,'GS_cluster_14485274_151021003_2335517648_254337785_#1more': -1.6116072, 'cluster_254337786_31404743': -4.0, 'cluster_537912_578689': -3.236607,'GS_cluster_14485274_151021003_2335517648_254337785_#1more': 3, 'cluster_254337786_31404743': 9, 'cluster_537912_578689': 3,'GS_cluster_14485274_151021003_2335517648_254337785_#1more': 6, 'cluster_254337786_31404743': 20, 'cluster_537912_578689': 8,
2000.0,'GS_cluster_14485274_151021003_2335517648_254337785_#1more': -2.325893, 'cluster_254337786_31404743': -4.0, 'cluster_537912_578689': -4.0,'GS_cluster_14485274_151021003_2335517648_254337785_#1more': 3, 'cluster_254337786_31404743': 10, 'cluster_537912_578689': 5,'GS_cluster_14485274_151021003_2335517648_254337785_#1more': 9, 'cluster_254337786_31404743': 16, 'cluster_537912_578689': 24,
2025.0,'GS_cluster_14485274_151021003_2335517648_254337785_#1more': -2.6830356, 'cluster_254337786_31404743': -4.0, 'cluster_537912_578689': -4.0,'GS_cluster_14485274_151021003_2335517648_254337785_#1more': 5, 'cluster_254337786_31404743': 12, 'cluster_537912_578689': 5,'GS_cluster_14485274_151021003_2335517648_254337785_#1more': 7, 'cluster_254337786_31404743': 22, 'cluster_537912_578689': 25,
2050.0,'GS_cluster_14485274_151021003_2335517648_254337785_#1more': -0.6651786, 'cluster_254337786_31404743': -2.1919644, 'cluster_537912_578689': -4.0,'GS_cluster_14485274_151021003_2335517648_254337785_#1more': 3, 'cluster_254337786_31404743': 4, 'cluster_537912_578689': 5,'GS_cluster_14485274_151021003_2335517648_254337785_#1more': 5, 'cluster_254337786_31404743': 15, 'cluster_537912_578689': 20,
2075.0,'GS_cluster_14485274_151021003_2335517648_254337785_#1more': -0.47767857, 'cluster_254337786_31404743': -3.6026785, 'cluster_537912_578689': -4.0,'GS_cluster_14485274_151021003_2335517648_254337785_#1more': 3, 'cluster_254337786_31404743': 4, 'cluster_537912_578689': 5,'GS_cluster_14485274_151021003_2335517648_254337785_#1more': 6, 'cluster_254337786_31404743': 16, 'cluster_537912_578689': 24,
2100.0,'GS_cluster_14485274_151021003_2335517648_254337785_#1more': -0.16517857, 'cluster_254337786_31404743': -2.09375, 'cluster_537912_578689': -4.0,'GS_cluster_14485274_151021003_2335517648_254337785_#1more': 1, 'cluster_254337786_31404743': 5, 'cluster_537912_578689': 5,'GS_cluster_14485274_151021003_2335517648_254337785_#1more': 2, 'cluster_254337786_31404743': 10, 'cluster_537912_578689': 26,
2125.0,'GS_cluster_14485274_151021003_2335517648_254337785_#1more': -0.42410713, 'cluster_254337786_31404743': -2.4107144, 'cluster_537912_578689': -4.0,'GS_cluster_14485274_151021003_2335517648_254337785_#1more': 3, 'cluster_254337786_31404743': 6, 'cluster_537912_578689': 5,'GS_cluster_14485274_151021003_2335517648_254337785_#1more': 8, 'cluster_254337786_31404743': 11, 'cluster_537912_578689': 28,
2150.0,'GS_cluster_14485274_151021003_2335517648_254337785_#1more': -0.28125, 'cluster_254337786_31404743': -3.03125, 'cluster_537912_578689': -4.0,'GS_cluster_14485274_151021003_2335517648_254337785_#1more': 1, 'cluster_254337786_31404743': 7, 'cluster_537912_578689': 5,'GS_cluster_14485274_151021003_2335517648_254337785_#1more': 2, 'cluster_254337786_31404743': 8, 'cluster_537912_578689': 28,
2175.0,'GS_cluster_14485274_151021003_2335517648_254337785_#1more': -0.41517857, 'cluster_254337786_31404743': -3.9285715, 'cluster_537912_578689': -4.0,'GS_cluster_14485274_151021003_2335517648_254337785_#1more': 2, 'cluster_254337786_31404743': 7, 'cluster_537912_578689': 5,'GS_cluster_14485274_151021003_2335517648_254337785_#1more': 5, 'cluster_254337786_31404743': 11, 'cluster_537912_578689': 26,
2200.0,'GS_cluster_14485274_151021003_2335517648_254337785_#1more': -1.3616072, 'cluster_254337786_31404743': -4.0, 'cluster_537912_578689': -4.0,'GS_cluster_14485274_151021003_2335517648_254337785_#1more': 2, 'cluster_254337786_31404743': 8, 'cluster_537912_578689': 5,'GS_cluster_14485274_151021003_2335517648_254337785_#1more': 12, 'cluster_254337786_31404743': 12, 'cluster_537912_578689': 29,
2225.0,'GS_cluster_14485274_151021003_2335517648_254337785_#1more': -1.2053572, 'cluster_254337786_31404743': -4.0, 'cluster_537912_578689': -4.0,'GS_cluster_14485274_151021003_2335517648_254337785_#1more': 2, 'cluster_254337786_31404743': 10, 'cluster_537912_578689': 5,'GS_cluster_14485274_151021003_2335517648_254337785_#1more': 5, 'cluster_254337786_31404743': 16, 'cluster_537912_578689': 30,
2250.0,'GS_cluster_14485274_151021003_2335517648_254337785_#1more': -0.77678573, 'cluster_254337786_31404743': -4.0, 'cluster_537912_578689': -4.0,'GS_cluster_14485274_151021003_2335517648_254337785_#1more': 2, 'cluster_254337786_31404743': 12, 'cluster_537912_578689': 5,'GS_cluster_14485274_151021003_2335517648_254337785_#1more': 5, 'cluster_254337786_31404743': 19, 'cluster_537912_578689': 28,
2275.0,'GS_cluster_14485274_151021003_2335517648_254337785_#1more': -0.8214286, 'cluster_254337786_31404743': -4.0, 'cluster_537912_578689': -0.3169643,'GS_cluster_14485274_151021003_2335517648_254337785_#1more': 3, 'cluster_254337786_31404743': 13, 'cluster_537912_578689': 3,'GS_cluster_14485274_151021003_2335517648_254337785_#1more': 9, 'cluster_254337786_31404743': 24, 'cluster_537912_578689': 7,
2300.0,'GS_cluster_14485274_151021003_2335517648_254337785_#1more': -2.450893, 'cluster_254337786_31404743': -4.0, 'cluster_537912_578689': -1.2678572,'GS_cluster_14485274_151021003_2335517648_254337785_#1more': 5, 'cluster_254337786_31404743': 14, 'cluster_537912_578689': 5,'GS_cluster_14485274_151021003_2335517648_254337785_#1more': 21, 'cluster_254337786_31404743': 26, 'cluster_537912_578689': 14,
2325.0,'GS_cluster_14485274_151021003_2335517648_254337785_#1more': -4.0, 'cluster_254337786_31404743': -4.0, 'cluster_537912_578689': -1.2589285,'GS_cluster_14485274_151021003_2335517648_254337785_#1more': 5, 'cluster_254337786_31404743': 5, 'cluster_537912_578689': 4,'GS_cluster_14485274_151021003_2335517648_254337785_#1more': 22, 'cluster_254337786_31404743': 16, 'cluster_537912_578689': 10,
2350.0,'GS_cluster_14485274_151021003_2335517648_254337785_#1more': -0.6964286, 'cluster_254337786_31404743': -4.0, 'cluster_537912_578689': -2.4107144,'GS_cluster_14485274_151021003_2335517648_254337785_#1more': 1, 'cluster_254337786_31404743': 5, 'cluster_537912_578689': 4,'GS_cluster_14485274_151021003_2335517648_254337785_#1more': 6, 'cluster_254337786_31404743': 17, 'cluster_537912_578689': 11,
2375.0,'GS_cluster_14485274_151021003_2335517648_254337785_#1more': -1.3928572, 'cluster_254337786_31404743': -4.0, 'cluster_537912_578689': -2.6517856,'GS_cluster_14485274_151021003_2335517648_254337785_#1more': 3, 'cluster_254337786_31404743': 6, 'cluster_537912_578689': 6,'GS_cluster_14485274_151021003_2335517648_254337785_#1more': 10, 'cluster_254337786_31404743': 23, 'cluster_537912_578689': 17,
2400.0,'GS_cluster_14485274_151021003_2335517648_254337785_#1more': -2.2767856, 'cluster_254337786_31404743': -4.0, 'cluster_537912_578689': -4.0,'GS_cluster_14485274_151021003_2335517648_254337785_#1more': 3, 'cluster_254337786_31404743': 6, 'cluster_537912_578689': 8,'GS_cluster_14485274_151021003_2335517648_254337785_#1more': 16, 'cluster_254337786_31404743': 27, 'cluster_537912_578689': 21,
2425.0,'GS_cluster_14485274_151021003_2335517648_254337785_#1more': -4.0, 'cluster_254337786_31404743': -4.0, 'cluster_537912_578689': -2.392857,'GS_cluster_14485274_151021003_2335517648_254337785_#1more': 4, 'cluster_254337786_31404743': 7, 'cluster_537912_578689': 5,'GS_cluster_14485274_151021003_2335517648_254337785_#1more': 23, 'cluster_254337786_31404743': 28, 'cluster_537912_578689': 11,
2450.0,'GS_cluster_14485274_151021003_2335517648_254337785_#1more': -4.0, 'cluster_254337786_31404743': -4.0, 'cluster_537912_578689': -3.611607,'GS_cluster_14485274_151021003_2335517648_254337785_#1more': 8, 'cluster_254337786_31404743': 7, 'cluster_537912_578689': 5,'GS_cluster_14485274_151021003_2335517648_254337785_#1more': 32, 'cluster_254337786_31404743': 10, 'cluster_537912_578689': 12,
2475.0,'GS_cluster_14485274_151021003_2335517648_254337785_#1more': -4.0, 'cluster_254337786_31404743': -4.0, 'cluster_537912_578689': -3.1875,'GS_cluster_14485274_151021003_2335517648_254337785_#1more': 8, 'cluster_254337786_31404743': 7, 'cluster_537912_578689': 5,'GS_cluster_14485274_151021003_2335517648_254337785_#1more': 32, 'cluster_254337786_31404743': 14, 'cluster_537912_578689': 8,
2500.0,'GS_cluster_14485274_151021003_2335517648_254337785_#1more': -4.0, 'cluster_254337786_31404743': -4.0, 'cluster_537912_578689': -3.513393,'GS_cluster_14485274_151021003_2335517648_254337785_#1more': 8, 'cluster_254337786_31404743': 8, 'cluster_537912_578689': 5,'GS_cluster_14485274_151021003_2335517648_254337785_#1more': 40, 'cluster_254337786_31404743': 18, 'cluster_537912_578689': 6,
2525.0,'GS_cluster_14485274_151021003_2335517648_254337785_#1more': -0.98214287, 'cluster_254337786_31404743': -4.0, 'cluster_537912_578689': -4.0,'GS_cluster_14485274_151021003_2335517648_254337785_#1more': 3, 'cluster_254337786_31404743': 9, 'cluster_537912_578689': 5,'GS_cluster_14485274_151021003_2335517648_254337785_#1more': 8, 'cluster_254337786_31404743': 16, 'cluster_537912_578689': 8,
2550.0,'GS_cluster_14485274_151021003_2335517648_254337785_#1more': -1.6116072, 'cluster_254337786_31404743': -4.0, 'cluster_537912_578689': -4.0,'GS_cluster_14485274_151021003_2335517648_254337785_#1more': 2, 'cluster_254337786_31404743': 9, 'cluster_537912_578689': 5,'GS_cluster_14485274_151021003_2335517648_254337785_#1more': 11, 'cluster_254337786_31404743': 20, 'cluster_537912_578689': 16,
2575.0,'GS_cluster_14485274_151021003_2335517648_254337785_#1more': -1.71875, 'cluster_254337786_31404743': -4.0, 'cluster_537912_578689': -4.0,'GS_cluster_14485274_151021003_2335517648_254337785_#1more': 4, 'cluster_254337786_31404743': 4, 'cluster_537912_578689': 5,'GS_cluster_14485274_151021003_2335517648_254337785_#1more': 12, 'cluster_254337786_31404743': 19, 'cluster_537912_578689': 20,
2600.0,'GS_cluster_14485274_151021003_2335517648_254337785_#1more': -2.5535715, 'cluster_254337786_31404743': -3.544643, 'cluster_537912_578689': -4.0,'GS_cluster_14485274_151021003_2335517648_254337785_#1more': 3, 'cluster_254337786_31404743': 4, 'cluster_537912_578689': 5,'GS_cluster_14485274_151021003_2335517648_254337785_#1more': 12, 'cluster_254337786_31404743': 11, 'cluster_537912_578689': 19,
2625.0,'GS_cluster_14485274_151021003_2335517648_254337785_#1more': -4.0, 'cluster_254337786_31404743': -4.0, 'cluster_537912_578689': -4.0,'GS_cluster_14485274_151021003_2335517648_254337785_#1more': 7, 'cluster_254337786_31404743': 5, 'cluster_537912_578689': 5,'GS_cluster_14485274_151021003_2335517648_254337785_#1more': 24, 'cluster_254337786_31404743': 12, 'cluster_537912_578689': 10,
2650.0,'GS_cluster_14485274_151021003_2335517648_254337785_#1more': -0.116071425, 'cluster_254337786_31404743': -4.0, 'cluster_537912_578689': -4.0,'GS_cluster_14485274_151021003_2335517648_254337785_#1more': 1, 'cluster_254337786_31404743': 4, 'cluster_537912_578689': 5,'GS_cluster_14485274_151021003_2335517648_254337785_#1more': 2, 'cluster_254337786_31404743': 8, 'cluster_537912_578689': 13,
2675.0,'GS_cluster_14485274_151021003_2335517648_254337785_#1more': -0.29464287, 'cluster_254337786_31404743': -4.0, 'cluster_537912_578689': -4.0,'GS_cluster_14485274_151021003_2335517648_254337785_#1more': 2, 'cluster_254337786_31404743': 4, 'cluster_537912_578689': 5,'GS_cluster_14485274_151021003_2335517648_254337785_#1more': 4, 'cluster_254337786_31404743': 14, 'cluster_537912_578689': 13,
2700.0,'GS_cluster_14485274_151021003_2335517648_254337785_#1more': -0.49107143, 'cluster_254337786_31404743': -2.2767856, 'cluster_537912_578689': -4.0,'GS_cluster_14485274_151021003_2335517648_254337785_#1more': 1, 'cluster_254337786_31404743': 5, 'cluster_537912_578689': 5,'GS_cluster_14485274_151021003_2335517648_254337785_#1more': 5, 'cluster_254337786_31404743': 15, 'cluster_537912_578689': 16,
2725.0,'GS_cluster_14485274_151021003_2335517648_254337785_#1more': -1.1116072, 'cluster_254337786_31404743': -4.0, 'cluster_537912_578689': -2.90625,'GS_cluster_14485274_151021003_2335517648_254337785_#1more': 2, 'cluster_254337786_31404743': 5, 'cluster_537912_578689': 6,'GS_cluster_14485274_151021003_2335517648_254337785_#1more': 7, 'cluster_254337786_31404743': 20, 'cluster_537912_578689': 15,
2750.0,'GS_cluster_14485274_151021003_2335517648_254337785_#1more': -1.5401785, 'cluster_254337786_31404743': -4.0, 'cluster_537912_578689': -4.0,'GS_cluster_14485274_151021003_2335517648_254337785_#1more': 2, 'cluster_254337786_31404743': 6, 'cluster_537912_578689': 7,'GS_cluster_14485274_151021003_2335517648_254337785_#1more': 7, 'cluster_254337786_31404743': 23, 'cluster_537912_578689': 20,
2775.0,'GS_cluster_14485274_151021003_2335517648_254337785_#1more': -1.5133928, 'cluster_254337786_31404743': -4.0, 'cluster_537912_578689': -4.0,'GS_cluster_14485274_151021003_2335517648_254337785_#1more': 2, 'cluster_254337786_31404743': 4, 'cluster_537912_578689': 8,'GS_cluster_14485274_151021003_2335517648_254337785_#1more': 7, 'cluster_254337786_31404743': 20, 'cluster_537912_578689': 16,
2800.0,'GS_cluster_14485274_151021003_2335517648_254337785_#1more': -1.0580357, 'cluster_254337786_31404743': -4.0, 'cluster_537912_578689': -4.0,'GS_cluster_14485274_151021003_2335517648_254337785_#1more': 3, 'cluster_254337786_31404743': 4, 'cluster_537912_578689': 8,'GS_cluster_14485274_151021003_2335517648_254337785_#1more': 9, 'cluster_254337786_31404743': 18, 'cluster_537912_578689': 9,
2825.0,'GS_cluster_14485274_151021003_2335517648_254337785_#1more': -1.9151785, 'cluster_254337786_31404743': -4.0, 'cluster_537912_578689': -4.0,'GS_cluster_14485274_151021003_2335517648_254337785_#1more': 3, 'cluster_254337786_31404743': 4, 'cluster_537912_578689': 8,'GS_cluster_14485274_151021003_2335517648_254337785_#1more': 11, 'cluster_254337786_31404743': 19, 'cluster_537912_578689': 18,
2850.0,'GS_cluster_14485274_151021003_2335517648_254337785_#1more': -3.1026785, 'cluster_254337786_31404743': -4.0, 'cluster_537912_578689': -4.0,'GS_cluster_14485274_151021003_2335517648_254337785_#1more': 3, 'cluster_254337786_31404743': 4, 'cluster_537912_578689': 9,'GS_cluster_14485274_151021003_2335517648_254337785_#1more': 14, 'cluster_254337786_31404743': 24, 'cluster_537912_578689': 15,
2875.0,'GS_cluster_14485274_151021003_2335517648_254337785_#1more': -0.35714287, 'cluster_254337786_31404743': -4.0, 'cluster_537912_578689': -4.0,'GS_cluster_14485274_151021003_2335517648_254337785_#1more': 2, 'cluster_254337786_31404743': 4, 'cluster_537912_578689': 9,'GS_cluster_14485274_151021003_2335517648_254337785_#1more': 5, 'cluster_254337786_31404743': 24, 'cluster_537912_578689': 16,
2900.0,'GS_cluster_14485274_151021003_2335517648_254337785_#1more': -0.3482143, 'cluster_254337786_31404743': -4.0, 'cluster_537912_578689': -4.0,'GS_cluster_14485274_151021003_2335517648_254337785_#1more': 1, 'cluster_254337786_31404743': 4, 'cluster_537912_578689': 9,'GS_cluster_14485274_151021003_2335517648_254337785_#1more': 3, 'cluster_254337786_31404743': 22, 'cluster_537912_578689': 22,
2925.0,'GS_cluster_14485274_151021003_2335517648_254337785_#1more': -0.98660713, 'cluster_254337786_31404743': -4.0, 'cluster_537912_578689': -4.0,'GS_cluster_14485274_151021003_2335517648_254337785_#1more': 2, 'cluster_254337786_31404743': 4, 'cluster_537912_578689': 5,'GS_cluster_14485274_151021003_2335517648_254337785_#1more': 10, 'cluster_254337786_31404743': 23, 'cluster_537912_578689': 18,
2950.0,'GS_cluster_14485274_151021003_2335517648_254337785_#1more': -1.4776785, 'cluster_254337786_31404743': -4.0, 'cluster_537912_578689': -4.0,'GS_cluster_14485274_151021003_2335517648_254337785_#1more': 5, 'cluster_254337786_31404743': 6, 'cluster_537912_578689': 5,'GS_cluster_14485274_151021003_2335517648_254337785_#1more': 16, 'cluster_254337786_31404743': 28, 'cluster_537912_578689': 15,
2975.0,'GS_cluster_14485274_151021003_2335517648_254337785_#1more': -3.5357144, 'cluster_254337786_31404743': -4.0, 'cluster_537912_578689': -4.0,'GS_cluster_14485274_151021003_2335517648_254337785_#1more': 6, 'cluster_254337786_31404743': 7, 'cluster_537912_578689': 6,'GS_cluster_14485274_151021003_2335517648_254337785_#1more': 21, 'cluster_254337786_31404743': 29, 'cluster_537912_578689': 20,
3000.0,'GS_cluster_14485274_151021003_2335517648_254337785_#1more': -0.62946427, 'cluster_254337786_31404743': -4.0, 'cluster_537912_578689': -4.0,'GS_cluster_14485274_151021003_2335517648_254337785_#1more': 1, 'cluster_254337786_31404743': 8, 'cluster_537912_578689': 6,'GS_cluster_14485274_151021003_2335517648_254337785_#1more': 4, 'cluster_254337786_31404743': 34, 'cluster_537912_578689': 23,
3025.0,'GS_cluster_14485274_151021003_2335517648_254337785_#1more': -0.1875, 'cluster_254337786_31404743': -4.0, 'cluster_537912_578689': -4.0,'GS_cluster_14485274_151021003_2335517648_254337785_#1more': 1, 'cluster_254337786_31404743': 8, 'cluster_537912_578689': 7,'GS_cluster_14485274_151021003_2335517648_254337785_#1more': 2, 'cluster_254337786_31404743': 39, 'cluster_537912_578689': 25,
3050.0,'GS_cluster_14485274_151021003_2335517648_254337785_#1more': -0.46875, 'cluster_254337786_31404743': -4.0, 'cluster_537912_578689': -4.0,'GS_cluster_14485274_151021003_2335517648_254337785_#1more': 2, 'cluster_254337786_31404743': 9, 'cluster_537912_578689': 8,'GS_cluster_14485274_151021003_2335517648_254337785_#1more': 4, 'cluster_254337786_31404743': 40, 'cluster_537912_578689': 11,
3075.0,'GS_cluster_14485274_151021003_2335517648_254337785_#1more': -1.1383928, 'cluster_254337786_31404743': -4.0, 'cluster_537912_578689': -4.0,'GS_cluster_14485274_151021003_2335517648_254337785_#1more': 4, 'cluster_254337786_31404743': 9, 'cluster_537912_578689': 8,'GS_cluster_14485274_151021003_2335517648_254337785_#1more': 8, 'cluster_254337786_31404743': 42, 'cluster_537912_578689': 14,
3100.0,'GS_cluster_14485274_151021003_2335517648_254337785_#1more': -1.7678572, 'cluster_254337786_31404743': -4.0, 'cluster_537912_578689': -1.4419643,'GS_cluster_14485274_151021003_2335517648_254337785_#1more': 4, 'cluster_254337786_31404743': 9, 'cluster_537912_578689': 4,'GS_cluster_14485274_151021003_2335517648_254337785_#1more': 11, 'cluster_254337786_31404743': 42, 'cluster_537912_578689': 11,
3125.0,'GS_cluster_14485274_151021003_2335517648_254337785_#1more': -3.4642856, 'cluster_254337786_31404743': -4.0, 'cluster_537912_578689': -1.0892857,'GS_cluster_14485274_151021003_2335517648_254337785_#1more': 6, 'cluster_254337786_31404743': 10, 'cluster_537912_578689': 4,'GS_cluster_14485274_151021003_2335517648_254337785_#1more': 22, 'cluster_254337786_31404743': 43, 'cluster_537912_578689': 10,
3150.0,'GS_cluster_14485274_151021003_2335517648_254337785_#1more': -4.0, 'cluster_254337786_31404743': -4.0, 'cluster_537912_578689': -1.4776785,'GS_cluster_14485274_151021003_2335517648_254337785_#1more': 6, 'cluster_254337786_31404743': 11, 'cluster_537912_578689': 3,'GS_cluster_14485274_151021003_2335517648_254337785_#1more': 13, 'cluster_254337786_31404743': 44, 'cluster_537912_578689': 8,
3175.0,'GS_cluster_14485274_151021003_2335517648_254337785_#1more': -4.0, 'cluster_254337786_31404743': -4.0, 'cluster_537912_578689': -2.5223215,'GS_cluster_14485274_151021003_2335517648_254337785_#1more': 8, 'cluster_254337786_31404743': 11, 'cluster_537912_578689': 3,'GS_cluster_14485274_151021003_2335517648_254337785_#1more': 18, 'cluster_254337786_31404743': 48, 'cluster_537912_578689': 11,
3200.0,'GS_cluster_14485274_151021003_2335517648_254337785_#1more': -4.0, 'cluster_254337786_31404743': -4.0, 'cluster_537912_578689': -3.892857,'GS_cluster_14485274_151021003_2335517648_254337785_#1more': 8, 'cluster_254337786_31404743': 12, 'cluster_537912_578689': 4,'GS_cluster_14485274_151021003_2335517648_254337785_#1more': 18, 'cluster_254337786_31404743': 48, 'cluster_537912_578689': 14,
3225.0,'GS_cluster_14485274_151021003_2335517648_254337785_#1more': -4.0, 'cluster_254337786_31404743': -3.6294644, 'cluster_537912_578689': -4.0,'GS_cluster_14485274_151021003_2335517648_254337785_#1more': 8, 'cluster_254337786_31404743': 5, 'cluster_537912_578689': 6,'GS_cluster_14485274_151021003_2335517648_254337785_#1more': 19, 'cluster_254337786_31404743': 16, 'cluster_537912_578689': 20,
3250.0,'GS_cluster_14485274_151021003_2335517648_254337785_#1more': -4.0, 'cluster_254337786_31404743': -4.0, 'cluster_537912_578689': -4.0,'GS_cluster_14485274_151021003_2335517648_254337785_#1more': 9, 'cluster_254337786_31404743': 8, 'cluster_537912_578689': 8,'GS_cluster_14485274_151021003_2335517648_254337785_#1more': 16, 'cluster_254337786_31404743': 27, 'cluster_537912_578689': 23,
3275.0,'GS_cluster_14485274_151021003_2335517648_254337785_#1more': -2.205357, 'cluster_254337786_31404743': -4.0, 'cluster_537912_578689': -4.0,'GS_cluster_14485274_151021003_2335517648_254337785_#1more': 8, 'cluster_254337786_31404743': 8, 'cluster_537912_578689': 4,'GS_cluster_14485274_151021003_2335517648_254337785_#1more': 26, 'cluster_254337786_31404743': 14, 'cluster_537912_578689': 15,
3300.0,'GS_cluster_14485274_151021003_2335517648_254337785_#1more': -4.0, 'cluster_254337786_31404743': -2.3705356, 'cluster_537912_578689': -4.0,'GS_cluster_14485274_151021003_2335517648_254337785_#1more': 8, 'cluster_254337786_31404743': 4, 'cluster_537912_578689': 4,'GS_cluster_14485274_151021003_2335517648_254337785_#1more': 38, 'cluster_254337786_31404743': 11, 'cluster_537912_578689': 20,
3325.0,'GS_cluster_14485274_151021003_2335517648_254337785_#1more': -4.0, 'cluster_254337786_31404743': -3.4107144, 'cluster_537912_578689': -4.0,'GS_cluster_14485274_151021003_2335517648_254337785_#1more': 9, 'cluster_254337786_31404743': 5, 'cluster_537912_578689': 4,'GS_cluster_14485274_151021003_2335517648_254337785_#1more': 42, 'cluster_254337786_31404743': 11, 'cluster_537912_578689': 21,
3350.0,'GS_cluster_14485274_151021003_2335517648_254337785_#1more': -3.125, 'cluster_254337786_31404743': -3.3839285, 'cluster_537912_578689': -4.0,'GS_cluster_14485274_151021003_2335517648_254337785_#1more': 6, 'cluster_254337786_31404743': 4, 'cluster_537912_578689': 5,'GS_cluster_14485274_151021003_2335517648_254337785_#1more': 15, 'cluster_254337786_31404743': 8, 'cluster_537912_578689': 23,
3375.0,'GS_cluster_14485274_151021003_2335517648_254337785_#1more': -4.0, 'cluster_254337786_31404743': -0.52678573, 'cluster_537912_578689': -1.2142857,'GS_cluster_14485274_151021003_2335517648_254337785_#1more': 8, 'cluster_254337786_31404743': 2, 'cluster_537912_578689': 5,'GS_cluster_14485274_151021003_2335517648_254337785_#1more': 20, 'cluster_254337786_31404743': 6, 'cluster_537912_578689': 11,
3400.0,'GS_cluster_14485274_151021003_2335517648_254337785_#1more': -2.1473215, 'cluster_254337786_31404743': -1.5446428, 'cluster_537912_578689': -2.5982144,'GS_cluster_14485274_151021003_2335517648_254337785_#1more': 4, 'cluster_254337786_31404743': 3, 'cluster_537912_578689': 5,'GS_cluster_14485274_151021003_2335517648_254337785_#1more': 15, 'cluster_254337786_31404743': 12, 'cluster_537912_578689': 13,
3425.0,'GS_cluster_14485274_151021003_2335517648_254337785_#1more': -3.0714285, 'cluster_254337786_31404743': -1.0491072, 'cluster_537912_578689': -4.0,'GS_cluster_14485274_151021003_2335517648_254337785_#1more': 4, 'cluster_254337786_31404743': 3, 'cluster_537912_578689': 8,'GS_cluster_14485274_151021003_2335517648_254337785_#1more': 18, 'cluster_254337786_31404743': 5, 'cluster_537912_578689': 18,
3450.0,'GS_cluster_14485274_151021003_2335517648_254337785_#1more': -4.0, 'cluster_254337786_31404743': -1.9017857, 'cluster_537912_578689': -4.0,'GS_cluster_14485274_151021003_2335517648_254337785_#1more': 4, 'cluster_254337786_31404743': 4, 'cluster_537912_578689': 9,'GS_cluster_14485274_151021003_2335517648_254337785_#1more': 19, 'cluster_254337786_31404743': 11, 'cluster_537912_578689': 20,
3475.0,'GS_cluster_14485274_151021003_2335517648_254337785_#1more': -4.0, 'cluster_254337786_31404743': -3.2098215, 'cluster_537912_578689': -4.0,'GS_cluster_14485274_151021003_2335517648_254337785_#1more': 5, 'cluster_254337786_31404743': 4, 'cluster_537912_578689': 9,'GS_cluster_14485274_151021003_2335517648_254337785_#1more': 21, 'cluster_254337786_31404743': 12, 'cluster_537912_578689': 21,
3500.0,'GS_cluster_14485274_151021003_2335517648_254337785_#1more': -0.76785713, 'cluster_254337786_31404743': -3.0982144, 'cluster_537912_578689': -4.0,'GS_cluster_14485274_151021003_2335517648_254337785_#1more': 2, 'cluster_254337786_31404743': 6, 'cluster_537912_578689': 9,'GS_cluster_14485274_151021003_2335517648_254337785_#1more': 5, 'cluster_254337786_31404743': 12, 'cluster_537912_578689': 21,
3525.0,'GS_cluster_14485274_151021003_2335517648_254337785_#1more': -0.7589286, 'cluster_254337786_31404743': -2.013393, 'cluster_537912_578689': -4.0,'GS_cluster_14485274_151021003_2335517648_254337785_#1more': 2, 'cluster_254337786_31404743': 3, 'cluster_537912_578689': 5,'GS_cluster_14485274_151021003_2335517648_254337785_#1more': 6, 'cluster_254337786_31404743': 14, 'cluster_537912_578689': 16,
3550.0,'GS_cluster_14485274_151021003_2335517648_254337785_#1more': -1.9241072, 'cluster_254337786_31404743': -3.857143, 'cluster_537912_578689': -4.0,'GS_cluster_14485274_151021003_2335517648_254337785_#1more': 5, 'cluster_254337786_31404743': 4, 'cluster_537912_578689': 5,'GS_cluster_14485274_151021003_2335517648_254337785_#1more': 18, 'cluster_254337786_31404743': 18, 'cluster_537912_578689': 21,
3575.0,'GS_cluster_14485274_151021003_2335517648_254337785_#1more': -3.15625, 'cluster_254337786_31404743': -4.0, 'cluster_537912_578689': -4.0,'GS_cluster_14485274_151021003_2335517648_254337785_#1more': 5, 'cluster_254337786_31404743': 4, 'cluster_537912_578689': 5,'GS_cluster_14485274_151021003_2335517648_254337785_#1more': 22, 'cluster_254337786_31404743': 16, 'cluster_537912_578689': 23,
3600.0,'GS_cluster_14485274_151021003_2335517648_254337785_#1more': -4.0, 'cluster_254337786_31404743': -4.0, 'cluster_537912_578689': -4.0,'GS_cluster_14485274_151021003_2335517648_254337785_#1more': 5, 'cluster_254337786_31404743': 4, 'cluster_537912_578689': 5,'GS_cluster_14485274_151021003_2335517648_254337785_#1more': 26, 'cluster_254337786_31404743': 17, 'cluster_537912_578689': 18,
